SalesLineID,OrderID,OrderDate,CustomerID,ProductID,Quantity,UnitPriceGBP,UnitCostGBP,DiscountPct,OrderStatus,SalesChannel
1,500023,2024-01-01,35,6,1,118.11,71.75,0,Completed,Online
2,500009,2024-01-02,33,1,1,752.12,551.02,0.05,Completed,Online
3,500009,2024-01-02,33,6,1,119.35,71.67,0,Completed,Online
4,500025,2024-01-02,18,3,1,339.52,240.33,0.05,Completed,Online
5,500025,2024-01-02,18,6,2,118.15,71.26,0.05,Completed,Online
6,500030,2024-01-02,10,10,1,11.92,4.94,0,Completed,Online
7,500007,2024-01-03,6,10,1,12.25,5.09,0.05,Completed,Retail Store
8,500013,2024-01-03,14,10,2,11.95,5.08,0.1,Completed,Online
9,500032,2024-01-03,46,12,1,23.75,11.03,0.03,Completed,Marketplace
10,500020,2024-01-05,63,9,1,48.64,19.18,0,Completed,Online
11,500008,2024-01-06,7,1,1,729.22,552.84,0,Completed,Retail Store
12,500003,2024-01-07,49,2,1,235.64,151.68,0.03,Cancelled,Online
13,500003,2024-01-07,49,3,2,338.87,241.54,0.05,Cancelled,Online
14,500003,2024-01-07,49,5,1,77.74,36.71,0,Cancelled,Online
15,500006,2024-01-07,20,5,1,80.01,36.49,0,Completed,Online
16,500006,2024-01-07,20,10,1,11.76,5.01,0,Completed,Online
17,500006,2024-01-07,20,8,1,257.8,154.22,0.1,Completed,Online
18,500012,2024-01-08,11,6,1,116.59,70.47,0,Completed,Online
19,500012,2024-01-08,11,2,2,234.46,155.49,0.15,Completed,Online
20,500022,2024-01-08,57,8,1,258.8,158.6,0,Completed,Online
21,500022,2024-01-08,57,5,1,79.32,37.49,0.05,Completed,Online
22,500015,2024-01-09,30,2,1,223.9,152.51,0.03,Completed,Online
23,500017,2024-01-10,45,2,2,228.06,152.64,0.05,Completed,Marketplace
24,500035,2024-01-10,9,4,1,28.01,11.06,0,Completed,Marketplace
25,500002,2024-01-11,45,5,1,80.62,37.39,0,Completed,Retail Store
26,500002,2024-01-11,45,9,2,49.38,19.05,0,Completed,Retail Store
27,500028,2024-01-11,51,7,1,380.94,238.66,0.1,Cancelled,Retail Store
28,500028,2024-01-11,51,8,2,254.51,156.38,0.05,Cancelled,Retail Store
29,500027,2024-01-12,49,4,2,26.64,10.89,0,Completed,Online
30,500027,2024-01-12,49,7,3,381.19,239.05,0,Completed,Online
31,500001,2024-01-13,58,7,1,365.44,233.14,0.1,Completed,Marketplace
32,500016,2024-01-13,33,1,1,749.89,536.38,0,Completed,Online
33,500019,2024-01-13,63,3,2,341.11,235.5,0.15,Completed,Online
34,500031,2024-01-16,33,10,1,12.21,4.93,0,Completed,Retail Store
35,500018,2024-01-17,62,6,3,123.46,70.54,0.15,Completed,Online
36,500029,2024-01-17,32,1,2,742.55,535.99,0.03,Completed,Marketplace
37,500010,2024-01-20,60,1,1,739.46,546.26,0,Completed,Retail Store
38,500005,2024-01-21,11,7,1,363.1,234.69,0.1,Cancelled,Marketplace
39,500005,2024-01-21,11,1,2,727.5,539.94,0.15,Cancelled,Marketplace
40,500024,2024-01-21,59,9,1,48.18,18.72,0,Completed,Retail Store
41,500024,2024-01-21,59,1,3,715.11,548.67,0,Completed,Retail Store
42,500033,2024-01-23,11,1,1,720.83,541.85,0.05,Completed,Online
43,500033,2024-01-23,11,9,4,46.97,18.93,0,Completed,Online
44,500037,2024-01-23,39,5,1,77.3,36.72,0,Completed,Retail Store
45,500037,2024-01-23,39,7,1,366.23,235.6,0,Completed,Retail Store
46,500034,2024-01-24,62,6,1,116.56,71.38,0,Cancelled,Online
47,500034,2024-01-24,62,1,1,724.58,537.39,0,Cancelled,Online
48,500026,2024-01-25,13,12,1,23.52,11.09,0.05,Completed,Marketplace
49,500026,2024-01-25,13,9,1,50.1,19.36,0,Completed,Marketplace
50,500014,2024-01-26,64,2,3,226.67,154.85,0,Completed,Online
51,500014,2024-01-26,64,7,1,360.37,237.39,0,Completed,Online
52,500021,2024-01-27,44,1,1,726.85,546.66,0.03,Completed,Online
53,500021,2024-01-27,44,12,1,23.77,11.0,0.15,Completed,Online
54,500011,2024-01-28,26,2,2,229.64,154.72,0.03,Completed,Online
55,500011,2024-01-28,26,11,1,16.04,7.06,0,Completed,Online
56,500036,2024-01-29,28,11,1,16.15,7.03,0,Completed,Marketplace
57,500004,2024-01-30,48,4,1,26.96,11.0,0,Completed,Marketplace
58,500004,2024-01-30,48,8,2,254.18,156.86,0,Completed,Marketplace
59,500050,2024-02-01,53,5,1,81.41,37.48,0,Completed,Online
60,500054,2024-02-01,14,5,3,77.51,37.24,0.03,Completed,Retail Store
61,500067,2024-02-01,3,7,2,362.95,233.61,0,Completed,Online
62,500067,2024-02-01,3,12,1,24.67,10.84,0.05,Completed,Online
63,500074,2024-02-01,61,5,1,82.1,37.58,0,Completed,Retail Store
64,500048,2024-02-02,33,2,1,228.68,151.74,0,Completed,Online
65,500048,2024-02-02,33,8,3,257.84,154.73,0,Completed,Online
66,500040,2024-02-03,43,6,1,120.25,70.63,0,Completed,Retail Store
67,500072,2024-02-03,21,7,1,382.11,238.84,0,Completed,Marketplace
68,500044,2024-02-04,3,7,1,365.55,234.47,0.03,Completed,Retail Store
69,500057,2024-02-05,51,11,1,16.15,6.97,0.05,Completed,Online
70,500066,2024-02-05,46,4,1,26.81,11.08,0,Completed,Online
71,500066,2024-02-05,46,8,2,269.02,157.68,0,Completed,Online
72,500059,2024-02-06,33,7,1,363.3,237.83,0,Completed,Marketplace
73,500071,2024-02-06,28,12,1,23.91,10.94,0,Completed,Online
74,500071,2024-02-06,28,1,1,737.91,538.42,0.05,Completed,Online
75,500069,2024-02-07,64,4,1,26.72,11.21,0.1,Completed,Retail Store
76,500069,2024-02-07,64,8,1,267.8,157.67,0,Completed,Retail Store
77,500041,2024-02-08,46,6,1,119.15,71.33,0.05,Completed,Online
78,500041,2024-02-08,46,1,2,711.84,538.19,0,Completed,Online
79,500065,2024-02-08,23,6,1,117.53,71.18,0,Cancelled,Marketplace
80,500065,2024-02-08,23,12,1,24.49,11.21,0,Cancelled,Marketplace
81,500065,2024-02-08,23,3,1,335.2,238.92,0,Cancelled,Marketplace
82,500045,2024-02-10,33,5,1,77.64,37.13,0,Completed,Retail Store
83,500045,2024-02-10,33,1,2,722.19,542.65,0.1,Completed,Retail Store
84,500038,2024-02-12,10,12,1,24.71,11.0,0,Completed,Online
85,500062,2024-02-12,23,8,1,268.02,154.33,0.03,Completed,Online
86,500052,2024-02-13,39,9,1,46.88,18.96,0,Completed,Retail Store
87,500052,2024-02-13,39,11,2,16.09,6.94,0,Completed,Retail Store
88,500052,2024-02-13,39,1,1,712.36,536.49,0.05,Completed,Retail Store
89,500043,2024-02-16,50,12,2,24.31,11.03,0.05,Completed,Retail Store
90,500058,2024-02-16,24,6,1,122.91,70.35,0,Completed,Retail Store
91,500058,2024-02-16,24,8,1,259.09,158.32,0.1,Completed,Retail Store
92,500055,2024-02-19,3,11,2,15.97,7.07,0.03,Completed,Online
93,500063,2024-02-19,43,12,1,25.08,10.97,0.1,Completed,Online
94,500063,2024-02-19,43,5,1,81.77,37.36,0,Completed,Online
95,500064,2024-02-19,60,7,3,383.21,239.06,0.05,Completed,Online
96,500064,2024-02-19,60,2,1,231.17,155.99,0.05,Completed,Online
97,500068,2024-02-19,33,2,1,226.87,154.02,0,Completed,Online
98,500073,2024-02-21,39,9,1,47.23,19.12,0.1,Completed,Online
99,500056,2024-02-22,63,7,1,365.06,232.31,0,Completed,Online
100,500056,2024-02-22,63,1,3,744.0,552.96,0,Completed,Online
101,500060,2024-02-24,51,1,3,752.14,538.88,0.1,Completed,Online
102,500042,2024-02-25,49,11,1,16.33,6.92,0,Completed,Retail Store
103,500042,2024-02-25,49,8,4,252.69,154.53,0,Completed,Retail Store
104,500046,2024-02-25,47,2,1,225.82,155.65,0,Completed,Online
105,500046,2024-02-25,47,10,2,12.37,5.04,0,Completed,Online
106,500047,2024-02-25,55,8,1,259.15,155.7,0,Completed,Online
107,500039,2024-02-26,57,8,1,254.96,155.68,0.05,Completed,Retail Store
108,500039,2024-02-26,57,11,2,16.56,6.9,0,Completed,Retail Store
109,500051,2024-02-26,35,2,1,228.95,155.63,0.03,Completed,Online
110,500051,2024-02-26,35,1,1,753.64,538.92,0.03,Completed,Online
111,500051,2024-02-26,35,7,1,372.01,234.55,0,Completed,Online
112,500070,2024-02-26,11,4,1,27.67,11.03,0.05,Completed,Marketplace
113,500070,2024-02-26,11,8,1,269.71,156.72,0,Completed,Marketplace
114,500049,2024-02-27,10,9,1,48.78,18.89,0.05,Completed,Online
115,500049,2024-02-27,10,7,3,375.96,235.16,0.05,Completed,Online
116,500053,2024-02-27,60,4,2,26.66,10.84,0.05,Completed,Retail Store
117,500053,2024-02-27,60,3,1,329.65,240.74,0,Completed,Retail Store
118,500061,2024-02-27,49,5,1,80.44,36.48,0.1,Completed,Retail Store
119,500107,2024-03-01,24,8,2,270.03,158.2,0,Completed,Online
120,500107,2024-03-01,24,6,1,117.7,70.61,0,Completed,Online
121,500085,2024-03-02,48,4,1,27.47,10.95,0.05,Cancelled,Online
122,500112,2024-03-02,36,12,2,24.45,11.15,0.05,Completed,Marketplace
123,500112,2024-03-02,36,11,1,16.54,6.97,0,Completed,Marketplace
124,500116,2024-03-02,23,5,1,82.43,37.53,0,Completed,Online
125,500116,2024-03-02,23,6,1,118.73,72.39,0,Completed,Online
126,500105,2024-03-04,23,11,1,16.55,7.13,0,Cancelled,Online
127,500079,2024-03-06,51,2,1,236.41,154.32,0,Completed,Retail Store
128,500114,2024-03-06,35,10,2,12.03,4.97,0,Completed,Retail Store
129,500077,2024-03-07,58,1,3,729.62,552.5,0,Completed,Retail Store
130,500077,2024-03-07,58,10,1,11.97,4.96,0.05,Completed,Retail Store
131,500087,2024-03-09,32,4,3,26.38,11.09,0,Completed,Online
132,500081,2024-03-10,63,7,1,367.6,231.89,0,Completed,Retail Store
133,500100,2024-03-10,5,2,1,227.4,155.52,0.1,Completed,Online
134,500100,2024-03-10,5,5,1,77.63,37.31,0.1,Completed,Online
135,500100,2024-03-10,5,8,2,265.16,157.0,0,Completed,Online
136,500117,2024-03-10,22,2,2,230.33,152.3,0,Cancelled,Retail Store
137,500109,2024-03-11,2,7,1,378.97,232.72,0.03,Completed,Online
138,500083,2024-03-12,47,2,1,234.72,154.41,0,Completed,Marketplace
139,500089,2024-03-12,17,6,1,122.42,70.42,0,Completed,Retail Store
140,500089,2024-03-12,17,4,2,26.98,11.2,0,Completed,Retail Store
141,500089,2024-03-12,17,2,2,224.9,151.98,0,Completed,Retail Store
142,500084,2024-03-13,45,7,2,364.14,234.7,0.05,Completed,Online
143,500104,2024-03-13,42,11,2,16.37,6.97,0.05,Completed,Online
144,500104,2024-03-13,42,12,1,25.03,10.92,0.05,Completed,Online
145,500106,2024-03-14,58,10,2,12.09,4.98,0.05,Completed,Online
146,500106,2024-03-14,58,6,1,121.06,70.06,0,Completed,Online
147,500097,2024-03-15,21,9,1,47.05,19.02,0.1,Completed,Online
148,500097,2024-03-15,21,2,1,234.05,154.74,0.03,Completed,Online
149,500098,2024-03-15,26,4,1,27.65,11.13,0.03,Completed,Online
150,500096,2024-03-17,3,6,2,120.94,70.81,0,Completed,Online
151,500108,2024-03-17,32,4,4,27.36,11.05,0,Completed,Retail Store
152,500108,2024-03-17,32,5,3,79.11,37.32,0.05,Completed,Retail Store
153,500078,2024-03-18,24,6,2,119.25,71.93,0,Cancelled,Online
154,500078,2024-03-18,24,3,1,338.49,240.31,0,Cancelled,Online
155,500113,2024-03-18,22,6,1,119.17,70.31,0.03,Completed,Marketplace
156,500088,2024-03-19,4,4,1,28.08,10.89,0,Completed,Online
157,500101,2024-03-19,61,7,1,362.56,236.32,0,Completed,Online
158,500101,2024-03-19,61,6,1,119.24,70.84,0.05,Completed,Online
159,500101,2024-03-19,61,5,2,79.64,36.57,0.03,Completed,Online
160,500093,2024-03-20,51,12,1,24.04,11.2,0.03,Cancelled,Retail Store
161,500095,2024-03-20,44,1,1,749.55,537.28,0,Completed,Retail Store
162,500110,2024-03-20,57,10,1,12.12,4.95,0,Cancelled,Marketplace
163,500111,2024-03-20,19,1,1,754.2,553.18,0,Completed,Online
164,500111,2024-03-20,19,7,3,380.46,238.71,0,Completed,Online
165,500082,2024-03-21,53,8,1,256.79,155.9,0,Cancelled,Marketplace
166,500082,2024-03-21,53,3,2,327.56,242.19,0,Cancelled,Marketplace
167,500086,2024-03-23,35,12,1,23.6,10.97,0,Completed,Online
168,500086,2024-03-23,35,8,2,270.65,153.9,0,Completed,Online
169,500103,2024-03-23,64,5,1,80.77,37.51,0,Completed,Retail Store
170,500103,2024-03-23,64,3,1,335.87,237.05,0.05,Completed,Retail Store
171,500103,2024-03-23,64,4,2,27.36,10.88,0.05,Completed,Retail Store
172,500076,2024-03-24,59,9,1,47.44,18.91,0.05,Cancelled,Retail Store
173,500076,2024-03-24,59,11,2,16.35,7.14,0.03,Cancelled,Retail Store
174,500080,2024-03-24,42,2,1,227.16,153.28,0.03,Completed,Retail Store
175,500080,2024-03-24,42,6,2,121.91,70.37,0,Completed,Retail Store
176,500090,2024-03-26,33,2,1,237.83,155.45,0.1,Completed,Marketplace
177,500090,2024-03-26,33,8,1,260.16,154.31,0,Completed,Marketplace
178,500102,2024-03-27,49,6,2,119.38,72.41,0,Completed,Marketplace
179,500102,2024-03-27,49,12,1,24.13,11.04,0,Completed,Marketplace
180,500102,2024-03-27,49,9,4,48.59,18.77,0,Completed,Marketplace
181,500115,2024-03-27,32,12,1,24.39,10.93,0.1,Completed,Online
182,500091,2024-03-28,12,3,2,326.49,241.43,0.03,Completed,Online
183,500099,2024-03-29,6,10,1,12.29,4.94,0,Completed,Online
184,500099,2024-03-29,6,7,1,375.96,238.06,0.1,Completed,Online
185,500075,2024-03-30,56,4,1,27.01,10.96,0.1,Completed,Retail Store
186,500075,2024-03-30,56,8,2,257.33,153.71,0,Completed,Retail Store
187,500092,2024-03-30,4,8,1,270.4,158.32,0,Completed,Retail Store
188,500092,2024-03-30,4,5,1,80.9,37.23,0,Completed,Retail Store
189,500094,2024-03-30,55,11,2,15.7,7.03,0.1,Completed,Online
190,500094,2024-03-30,55,6,1,116.33,70.03,0,Completed,Online
191,500123,2024-04-03,10,1,2,717.11,543.82,0,Completed,Marketplace
192,500148,2024-04-03,27,8,2,269.12,155.34,0,Completed,Retail Store
193,500148,2024-04-03,27,6,1,118.76,70.57,0,Completed,Retail Store
194,500155,2024-04-03,23,12,1,24.38,10.9,0,Completed,Online
195,500130,2024-04-04,20,4,1,26.52,11.1,0.05,Completed,Retail Store
196,500130,2024-04-04,20,10,1,11.71,5.0,0.05,Completed,Retail Store
197,500130,2024-04-04,20,2,1,238.51,155.41,0.1,Completed,Retail Store
198,500131,2024-04-05,35,4,1,27.5,10.96,0,Completed,Retail Store
199,500131,2024-04-05,35,3,2,338.34,234.52,0.15,Completed,Retail Store
200,500150,2024-04-05,19,4,1,26.42,10.87,0,Completed,Marketplace
201,500150,2024-04-05,19,3,1,342.81,238.0,0.05,Completed,Marketplace
202,500121,2024-04-06,34,1,4,728.95,549.76,0,Completed,Marketplace
203,500135,2024-04-06,37,8,2,256.91,158.07,0,Completed,Retail Store
204,500135,2024-04-06,37,7,1,375.94,237.47,0,Completed,Retail Store
205,500145,2024-04-06,5,11,3,16.04,6.96,0.03,Completed,Online
206,500146,2024-04-06,43,6,1,120.69,71.02,0,Completed,Retail Store
207,500146,2024-04-06,43,7,1,362.49,238.12,0.1,Completed,Retail Store
208,500118,2024-04-07,3,11,1,16.4,6.96,0,Completed,Online
209,500118,2024-04-07,3,4,1,27.31,11.06,0,Completed,Online
210,500156,2024-04-07,24,1,1,717.52,542.64,0,Completed,Online
211,500132,2024-04-08,52,11,1,15.79,7.07,0,Completed,Online
212,500136,2024-04-11,63,4,1,26.9,10.96,0,Completed,Online
213,500147,2024-04-11,48,8,1,260.63,156.16,0.1,Completed,Online
214,500158,2024-04-11,27,2,1,238.39,152.96,0,Completed,Retail Store
215,500158,2024-04-11,27,11,3,15.73,7.05,0.15,Completed,Retail Store
216,500158,2024-04-11,27,5,1,77.8,36.47,0,Completed,Retail Store
217,500159,2024-04-11,35,5,3,81.74,36.79,0,Completed,Online
218,500153,2024-04-14,56,5,1,81.45,36.8,0,Completed,Online
219,500153,2024-04-14,56,4,1,26.94,11.16,0,Completed,Online
220,500119,2024-04-15,22,4,1,27.07,11.04,0,Completed,Online
221,500125,2024-04-15,6,3,1,324.49,242.57,0,Completed,Retail Store
222,500149,2024-04-15,13,2,1,236.24,151.79,0,Completed,Online
223,500149,2024-04-15,13,12,2,24.16,10.89,0.05,Completed,Online
224,500154,2024-04-15,19,4,1,27.7,11.18,0,Completed,Marketplace
225,500138,2024-04-16,49,5,1,77.85,37.6,0.05,Completed,Online
226,500161,2024-04-16,9,12,1,24.9,11.09,0.05,Completed,Online
227,500161,2024-04-16,9,4,2,26.47,10.89,0,Completed,Online
228,500152,2024-04-17,49,1,1,759.85,542.4,0.05,Completed,Online
229,500141,2024-04-18,50,6,1,120.63,71.5,0,Cancelled,Retail Store
230,500141,2024-04-18,50,11,2,15.65,7.0,0,Cancelled,Retail Store
231,500151,2024-04-19,65,6,2,116.5,70.51,0,Completed,Online
232,500151,2024-04-19,65,7,1,378.21,233.87,0,Completed,Online
233,500127,2024-04-20,40,6,1,123.62,71.76,0.03,Completed,Online
234,500134,2024-04-20,21,8,1,270.24,155.78,0.03,Completed,Retail Store
235,500134,2024-04-20,21,7,2,384.44,232.58,0,Completed,Retail Store
236,500134,2024-04-20,21,4,1,26.68,10.9,0,Completed,Retail Store
237,500157,2024-04-20,21,12,1,23.58,11.01,0,Completed,Online
238,500157,2024-04-20,21,4,2,27.62,11.08,0,Completed,Online
239,500157,2024-04-20,21,8,3,269.73,158.7,0.03,Completed,Online
240,500162,2024-04-20,15,11,3,15.65,6.9,0,Completed,Online
241,500140,2024-04-22,22,2,1,223.94,155.38,0,Completed,Online
242,500140,2024-04-22,22,8,2,261.6,155.17,0,Completed,Online
243,500163,2024-04-22,57,7,2,368.91,237.23,0,Completed,Online
244,500144,2024-04-23,37,3,1,323.83,236.61,0.05,Completed,Retail Store
245,500124,2024-04-25,6,12,1,24.75,10.87,0,Completed,Online
246,500124,2024-04-25,6,10,1,12.08,5.04,0.05,Completed,Online
247,500124,2024-04-25,6,11,1,15.86,7.07,0.03,Completed,Online
248,500126,2024-04-25,36,3,1,330.46,238.98,0,Completed,Retail Store
249,500126,2024-04-25,36,9,1,49.8,18.92,0,Completed,Retail Store
250,500126,2024-04-25,36,1,1,727.25,552.21,0.1,Completed,Retail Store
251,500128,2024-04-25,32,1,2,723.06,542.52,0,Completed,Retail Store
252,500128,2024-04-25,32,4,2,26.52,11.02,0.03,Completed,Retail Store
253,500139,2024-04-26,53,4,1,28.11,10.86,0,Completed,Retail Store
254,500139,2024-04-26,53,9,1,48.43,18.98,0.1,Completed,Retail Store
255,500143,2024-04-26,50,7,3,365.06,232.51,0.15,Completed,Marketplace
256,500160,2024-04-26,64,10,1,12.27,4.95,0.1,Completed,Online
257,500122,2024-04-27,30,4,2,27.87,11.13,0,Completed,Retail Store
258,500120,2024-04-28,14,4,1,27.38,10.93,0.15,Completed,Online
259,500120,2024-04-28,14,12,1,24.04,10.94,0.05,Completed,Online
260,500129,2024-04-28,16,2,1,232.11,153.93,0.05,Completed,Retail Store
261,500142,2024-04-28,6,10,1,12.25,4.93,0,Completed,Retail Store
262,500133,2024-04-30,10,4,1,27.36,11.01,0.15,Completed,Online
263,500133,2024-04-30,10,7,2,380.97,234.69,0.03,Completed,Online
264,500137,2024-04-30,24,10,1,12.13,5.04,0,Completed,Retail Store
265,500187,2024-05-01,6,6,1,122.19,71.44,0,Completed,Retail Store
266,500187,2024-05-01,6,3,2,333.92,238.9,0.15,Completed,Retail Store
267,500193,2024-05-01,27,1,1,723.23,547.78,0.05,Completed,Retail Store
268,500195,2024-05-01,15,9,2,47.2,19.27,0,Completed,Retail Store
269,500195,2024-05-01,15,1,1,739.64,538.5,0,Completed,Retail Store
270,500195,2024-05-01,15,7,1,384.84,235.31,0.05,Completed,Retail Store
271,500196,2024-05-01,29,4,4,28.14,10.88,0,Completed,Online
272,500196,2024-05-01,29,1,1,737.23,547.49,0,Completed,Online
273,500169,2024-05-02,3,5,1,79.05,36.99,0,Completed,Retail Store
274,500177,2024-05-02,22,3,1,324.18,238.51,0.03,Completed,Retail Store
275,500177,2024-05-02,22,6,1,119.77,70.22,0,Completed,Retail Store
276,500207,2024-05-02,61,11,1,15.78,6.91,0.05,Completed,Retail Store
277,500207,2024-05-02,61,10,1,12.07,5.02,0,Completed,Retail Store
278,500184,2024-05-03,40,4,1,27.92,11.01,0,Completed,Online
279,500184,2024-05-03,40,3,1,325.67,234.52,0,Completed,Online
280,500175,2024-05-05,21,11,2,16.05,6.9,0,Completed,Online
281,500174,2024-05-07,30,8,1,268.96,155.85,0,Completed,Online
282,500174,2024-05-07,30,4,1,27.39,10.97,0,Completed,Online
283,500166,2024-05-09,1,2,1,223.38,156.0,0,Completed,Online
284,500210,2024-05-09,8,9,1,47.08,19.13,0,Completed,Online
285,500210,2024-05-09,8,11,1,16.51,6.93,0.05,Completed,Online
286,500176,2024-05-10,6,4,1,27.13,10.88,0.1,Completed,Online
287,500176,2024-05-10,6,7,2,372.68,238.4,0,Completed,Online
288,500178,2024-05-10,54,11,1,16.63,6.92,0,Completed,Online
289,500179,2024-05-10,10,2,1,229.0,155.75,0,Completed,Online
290,500179,2024-05-10,10,11,1,15.75,7.06,0,Completed,Online
291,500200,2024-05-10,41,8,3,252.53,155.66,0,Completed,Online
292,500200,2024-05-10,41,9,2,47.23,19.27,0,Completed,Online
293,500206,2024-05-10,3,1,3,753.73,546.82,0.03,Completed,Online
294,500173,2024-05-11,62,5,1,82.55,36.54,0,Completed,Online
295,500173,2024-05-11,62,4,1,27.88,10.99,0,Completed,Online
296,500185,2024-05-11,62,9,2,48.15,19.28,0,Completed,Online
297,500199,2024-05-12,46,3,1,325.77,241.36,0.03,Completed,Online
298,500199,2024-05-12,46,8,1,265.94,158.43,0,Completed,Online
299,500171,2024-05-13,9,10,1,11.95,4.93,0.05,Completed,Online
300,500171,2024-05-13,9,5,2,82.16,37.02,0.1,Completed,Online
301,500167,2024-05-14,53,2,2,231.22,155.98,0.03,Completed,Online
302,500167,2024-05-14,53,1,2,713.67,536.55,0,Completed,Online
303,500170,2024-05-15,28,11,1,16.18,7.11,0.1,Cancelled,Marketplace
304,500170,2024-05-15,28,2,2,239.12,153.73,0,Cancelled,Marketplace
305,500197,2024-05-15,31,7,3,373.82,236.65,0.05,Completed,Online
306,500168,2024-05-16,28,11,1,16.6,6.92,0.1,Cancelled,Marketplace
307,500168,2024-05-16,28,1,3,747.26,549.63,0,Cancelled,Marketplace
308,500188,2024-05-16,2,10,1,11.73,5.01,0,Completed,Retail Store
309,500194,2024-05-16,46,7,1,379.36,236.75,0.03,Completed,Retail Store
310,500194,2024-05-16,46,3,2,335.6,238.29,0.1,Completed,Retail Store
311,500194,2024-05-16,46,2,1,225.19,154.6,0,Completed,Retail Store
312,500211,2024-05-16,40,9,1,48.16,18.81,0,Completed,Online
313,500211,2024-05-16,40,3,1,338.67,235.27,0.05,Completed,Online
314,500181,2024-05-17,26,8,1,261.22,158.16,0,Completed,Marketplace
315,500165,2024-05-18,33,2,1,239.13,152.48,0.05,Completed,Retail Store
316,500165,2024-05-18,33,6,3,117.23,72.07,0.15,Completed,Retail Store
317,500172,2024-05-19,20,10,1,11.77,4.95,0.03,Completed,Online
318,500172,2024-05-19,20,12,1,24.86,10.91,0.1,Completed,Online
319,500183,2024-05-19,7,7,2,370.16,237.01,0.05,Completed,Online
320,500183,2024-05-19,7,10,1,12.06,4.95,0.1,Completed,Online
321,500209,2024-05-19,53,2,1,229.17,152.96,0,Completed,Retail Store
322,500182,2024-05-22,56,11,2,16.71,7.0,0,Completed,Online
323,500182,2024-05-22,56,1,2,713.51,550.79,0,Completed,Online
324,500180,2024-05-23,55,6,2,123.76,72.09,0.03,Completed,Retail Store
325,500180,2024-05-23,55,2,1,238.26,154.93,0,Completed,Retail Store
326,500180,2024-05-23,55,11,2,16.33,7.11,0.1,Completed,Retail Store
327,500189,2024-05-24,59,2,1,235.89,152.92,0,Completed,Online
328,500198,2024-05-24,31,10,1,12.4,5.02,0,Completed,Online
329,500202,2024-05-24,23,9,1,47.34,18.93,0,Completed,Online
330,500202,2024-05-24,23,7,2,382.3,232.65,0,Completed,Online
331,500205,2024-05-24,20,11,2,15.78,7.08,0.03,Completed,Marketplace
332,500190,2024-05-26,27,11,2,16.44,7.07,0,Completed,Retail Store
333,500190,2024-05-26,27,3,1,334.41,238.44,0,Completed,Retail Store
334,500190,2024-05-26,27,4,3,26.61,11.1,0,Completed,Retail Store
335,500192,2024-05-26,1,7,2,381.53,239.04,0.03,Completed,Retail Store
336,500192,2024-05-26,1,3,2,337.48,236.63,0.05,Completed,Retail Store
337,500203,2024-05-27,57,7,2,380.21,239.25,0,Completed,Retail Store
338,500203,2024-05-27,57,11,1,16.32,7.01,0,Completed,Retail Store
339,500164,2024-05-28,59,11,3,16.05,6.91,0,Completed,Online
340,500164,2024-05-28,59,1,1,737.67,551.93,0,Completed,Online
341,500164,2024-05-28,59,6,2,116.49,71.93,0,Completed,Online
342,500186,2024-05-28,9,7,1,370.45,236.49,0,Cancelled,Online
343,500201,2024-05-30,55,7,3,367.44,235.99,0,Completed,Online
344,500201,2024-05-30,55,2,4,232.98,151.17,0.05,Completed,Online
345,500191,2024-05-31,40,8,1,254.32,153.89,0,Completed,Retail Store
346,500204,2024-05-31,36,4,3,26.66,11.19,0,Completed,Online
347,500208,2024-05-31,27,11,1,15.88,6.98,0,Completed,Retail Store
348,500214,2024-06-01,22,4,2,28.21,10.86,0,Completed,Marketplace
349,500214,2024-06-01,22,12,1,24.5,10.97,0,Completed,Marketplace
350,500230,2024-06-01,27,6,2,121.86,71.98,0.05,Completed,Online
351,500255,2024-06-01,56,1,1,739.42,551.92,0.03,Completed,Online
352,500257,2024-06-01,56,5,1,79.89,37.26,0.05,Completed,Online
353,500257,2024-06-01,56,11,1,16.56,7.06,0,Completed,Online
354,500259,2024-06-01,27,6,2,118.72,72.0,0.03,Completed,Retail Store
355,500216,2024-06-03,38,11,1,15.9,7.1,0.03,Completed,Online
356,500216,2024-06-03,38,3,1,338.13,242.34,0,Completed,Online
357,500249,2024-06-03,35,8,3,261.19,157.9,0.05,Completed,Online
358,500235,2024-06-04,64,5,1,81.18,37.17,0,Completed,Online
359,500234,2024-06-05,36,2,1,228.57,152.66,0,Completed,Retail Store
360,500234,2024-06-05,36,3,1,322.73,235.51,0,Completed,Retail Store
361,500244,2024-06-05,2,11,1,15.81,6.94,0,Completed,Online
362,500263,2024-06-05,1,8,1,263.71,154.76,0,Completed,Online
363,500263,2024-06-05,1,10,2,11.87,5.05,0,Completed,Online
364,500254,2024-06-06,36,5,1,77.5,37.52,0,Completed,Retail Store
365,500256,2024-06-06,4,2,1,236.79,152.65,0.05,Completed,Marketplace
366,500256,2024-06-06,4,4,1,26.99,10.95,0,Completed,Marketplace
367,500241,2024-06-07,50,5,1,77.24,37.48,0.1,Completed,Online
368,500241,2024-06-07,50,6,1,121.36,70.73,0,Completed,Online
369,500241,2024-06-07,50,7,1,360.41,231.93,0.03,Completed,Online
370,500219,2024-06-08,1,7,1,362.65,232.43,0.1,Completed,Online
371,500219,2024-06-08,1,11,2,16.46,7.08,0.03,Completed,Online
372,500240,2024-06-08,56,1,1,743.49,546.19,0,Completed,Retail Store
373,500240,2024-06-08,56,6,1,119.61,71.97,0,Completed,Retail Store
374,500250,2024-06-08,25,10,1,12.48,4.95,0,Completed,Online
375,500226,2024-06-09,40,11,1,16.3,6.98,0,Completed,Online
376,500223,2024-06-10,49,5,1,82.14,37.02,0.03,Completed,Marketplace
377,500223,2024-06-10,49,1,1,751.3,549.15,0,Completed,Marketplace
378,500228,2024-06-10,50,9,1,47.09,18.81,0.1,Completed,Retail Store
379,500228,2024-06-10,50,2,1,226.24,152.17,0,Completed,Retail Store
380,500228,2024-06-10,50,10,3,11.86,5.0,0,Completed,Retail Store
381,500245,2024-06-11,62,12,1,24.69,11.18,0.03,Completed,Retail Store
382,500245,2024-06-11,62,11,1,16.15,6.97,0,Completed,Retail Store
383,500215,2024-06-12,65,10,1,11.92,5.09,0.05,Completed,Online
384,500215,2024-06-12,65,11,1,15.67,7.0,0,Completed,Online
385,500229,2024-06-12,33,2,1,234.13,153.97,0,Completed,Retail Store
386,500252,2024-06-12,21,2,2,230.82,152.12,0.1,Completed,Retail Store
387,500264,2024-06-12,1,2,2,232.94,151.57,0,Completed,Retail Store
388,500264,2024-06-12,1,1,1,737.6,552.69,0.03,Completed,Retail Store
389,500264,2024-06-12,1,12,3,23.43,10.86,0.05,Completed,Retail Store
390,500246,2024-06-14,54,2,1,236.24,152.86,0,Completed,Online
391,500246,2024-06-14,54,11,1,15.8,7.11,0,Completed,Online
392,500212,2024-06-15,45,2,3,233.22,151.39,0,Completed,Online
393,500212,2024-06-15,45,3,3,333.2,237.8,0,Completed,Online
394,500251,2024-06-15,40,9,1,48.0,19.32,0,Completed,Retail Store
395,500251,2024-06-15,40,1,1,734.05,547.07,0,Completed,Retail Store
396,500251,2024-06-15,40,7,1,362.01,237.13,0,Completed,Retail Store
397,500225,2024-06-17,60,1,1,711.13,536.34,0,Completed,Online
398,500224,2024-06-18,50,8,2,260.7,157.21,0,Completed,Online
399,500224,2024-06-18,50,9,1,47.63,19.0,0,Completed,Online
400,500236,2024-06-18,65,10,1,12.07,4.97,0,Completed,Online
401,500239,2024-06-18,30,10,1,12.1,5.07,0,Completed,Online
402,500239,2024-06-18,30,8,1,259.75,155.86,0,Completed,Online
403,500258,2024-06-18,59,1,3,728.95,544.59,0,Completed,Online
404,500258,2024-06-18,59,5,2,78.59,37.72,0,Completed,Online
405,500265,2024-06-18,28,11,1,16.35,7.06,0.1,Completed,Online
406,500265,2024-06-18,28,10,1,11.95,5.0,0,Completed,Online
407,500265,2024-06-18,28,3,2,336.67,241.69,0,Completed,Online
408,500262,2024-06-19,12,4,1,26.77,11.06,0,Completed,Online
409,500217,2024-06-20,61,6,1,116.23,70.04,0.1,Completed,Online
410,500217,2024-06-20,61,3,1,327.74,240.48,0,Completed,Online
411,500232,2024-06-21,3,8,1,267.21,158.24,0.03,Completed,Marketplace
412,500232,2024-06-21,3,10,1,11.96,5.0,0,Completed,Marketplace
413,500218,2024-06-22,49,12,1,23.83,10.95,0,Completed,Online
414,500221,2024-06-22,47,8,1,262.31,156.68,0.1,Completed,Retail Store
415,500221,2024-06-22,47,7,1,373.4,235.5,0.03,Completed,Retail Store
416,500248,2024-06-22,25,5,1,78.69,37.47,0,Completed,Online
417,500227,2024-06-23,45,5,2,79.95,37.7,0,Completed,Online
418,500243,2024-06-23,34,8,1,263.4,157.64,0,Completed,Online
419,500243,2024-06-23,34,7,2,360.92,238.89,0,Completed,Online
420,500243,2024-06-23,34,10,1,11.86,5.06,0,Completed,Online
421,500266,2024-06-23,33,10,1,12.38,5.01,0,Completed,Retail Store
422,500266,2024-06-23,33,5,1,79.46,37.4,0,Completed,Retail Store
423,500222,2024-06-24,64,3,1,341.76,239.68,0.03,Completed,Online
424,500222,2024-06-24,64,5,1,82.06,36.97,0.03,Completed,Online
425,500242,2024-06-24,37,9,3,47.04,18.99,0,Completed,Online
426,500242,2024-06-24,37,5,1,80.34,36.61,0.03,Completed,Online
427,500242,2024-06-24,37,12,2,24.69,11.15,0,Completed,Online
428,500237,2024-06-25,27,3,1,343.58,242.73,0,Completed,Marketplace
429,500237,2024-06-25,27,6,1,119.12,70.58,0.03,Completed,Marketplace
430,500238,2024-06-25,30,10,4,12.15,5.01,0.1,Completed,Retail Store
431,500233,2024-06-26,1,11,1,15.75,6.93,0.03,Completed,Online
432,500233,2024-06-26,1,4,2,26.97,11.19,0,Completed,Online
433,500213,2024-06-27,46,4,1,26.78,11.17,0,Completed,Online
434,500220,2024-06-27,42,5,2,79.58,37.41,0.05,Completed,Retail Store
435,500231,2024-06-27,64,2,3,233.0,152.18,0,Completed,Online
436,500231,2024-06-27,64,7,1,372.22,236.69,0,Completed,Online
437,500231,2024-06-27,64,8,1,262.29,156.53,0,Completed,Online
438,500253,2024-06-28,36,4,1,26.96,11.12,0.1,Completed,Marketplace
439,500260,2024-06-28,5,1,1,749.56,538.9,0.05,Completed,Online
440,500247,2024-06-29,53,11,1,15.62,6.95,0,Completed,Marketplace
441,500261,2024-06-29,63,9,1,48.56,18.72,0.05,Completed,Online
442,500271,2024-07-02,50,3,1,325.76,239.58,0,Completed,Online
443,500271,2024-07-02,50,4,1,26.96,11.16,0,Completed,Online
444,500275,2024-07-02,20,2,1,236.06,151.26,0.05,Completed,Retail Store
445,500286,2024-07-02,65,9,2,48.19,19.15,0.03,Completed,Online
446,500288,2024-07-02,3,7,1,372.99,234.95,0.1,Completed,Marketplace
447,500288,2024-07-02,3,1,2,729.7,553.56,0,Completed,Marketplace
448,500321,2024-07-02,35,10,2,12.15,5.03,0.05,Completed,Retail Store
449,500305,2024-07-03,50,11,3,16.72,7.1,0,Completed,Retail Store
450,500305,2024-07-03,50,12,1,23.89,10.93,0,Completed,Retail Store
451,500292,2024-07-05,62,8,1,263.31,154.95,0,Completed,Marketplace
452,500292,2024-07-05,62,9,1,47.66,19.21,0,Completed,Marketplace
453,500292,2024-07-05,62,4,1,26.37,11.0,0.05,Completed,Marketplace
454,500322,2024-07-06,19,6,2,124.11,71.65,0,Completed,Online
455,500324,2024-07-06,5,11,1,16.67,7.09,0,Completed,Retail Store
456,500324,2024-07-06,5,2,3,223.8,154.71,0.05,Completed,Retail Store
457,500324,2024-07-06,5,6,2,122.08,71.94,0,Completed,Retail Store
458,500287,2024-07-08,43,1,3,739.8,551.47,0,Completed,Online
459,500287,2024-07-08,43,10,2,12.33,5.08,0.05,Completed,Online
460,500296,2024-07-08,37,3,1,331.54,237.12,0.05,Completed,Online
461,500297,2024-07-08,56,8,1,266.3,154.63,0,Completed,Retail Store
462,500320,2024-07-09,32,9,2,47.73,19.3,0.05,Completed,Marketplace
463,500311,2024-07-10,46,3,3,336.49,234.83,0,Completed,Marketplace
464,500311,2024-07-10,46,12,2,23.53,11.21,0,Completed,Marketplace
465,500314,2024-07-10,23,2,1,238.28,153.54,0,Cancelled,Online
466,500323,2024-07-10,14,5,2,78.0,37.69,0,Completed,Online
467,500267,2024-07-12,47,6,2,123.02,70.66,0.05,Completed,Online
468,500268,2024-07-12,14,1,2,733.99,550.25,0.03,Completed,Retail Store
469,500268,2024-07-12,14,9,1,50.09,19.14,0,Completed,Retail Store
470,500272,2024-07-12,63,9,1,48.2,19.3,0,Completed,Online
471,500272,2024-07-12,63,5,2,81.27,36.58,0.1,Completed,Online
472,500274,2024-07-12,18,12,2,24.44,10.87,0.05,Completed,Online
473,500274,2024-07-12,18,11,1,16.31,6.9,0.1,Completed,Online
474,500274,2024-07-12,18,6,1,120.8,72.27,0.05,Completed,Online
475,500277,2024-07-12,42,9,1,49.13,19.03,0.05,Completed,Marketplace
476,500277,2024-07-12,42,11,2,16.29,7.03,0.03,Completed,Marketplace
477,500298,2024-07-13,64,4,1,26.67,10.93,0,Completed,Retail Store
478,500312,2024-07-13,19,4,2,26.39,11.12,0,Completed,Online
479,500312,2024-07-13,19,11,2,15.74,6.91,0,Completed,Online
480,500294,2024-07-14,38,4,1,26.82,11.03,0,Completed,Marketplace
481,500294,2024-07-14,38,2,2,225.6,152.8,0.1,Completed,Marketplace
482,500280,2024-07-15,39,7,1,368.54,233.47,0,Completed,Online
483,500304,2024-07-15,17,7,1,377.15,238.49,0.03,Completed,Online
484,500304,2024-07-15,17,1,1,729.9,537.12,0,Completed,Online
485,500315,2024-07-15,13,2,4,231.19,153.76,0,Completed,Marketplace
486,500315,2024-07-15,13,5,1,78.16,37.72,0.05,Completed,Marketplace
487,500315,2024-07-15,13,11,2,16.66,7.04,0,Completed,Marketplace
488,500308,2024-07-16,25,3,1,343.27,238.14,0,Completed,Online
489,500308,2024-07-16,25,11,1,16.35,6.99,0.03,Completed,Online
490,500318,2024-07-16,10,12,4,23.86,11.06,0,Completed,Marketplace
491,500307,2024-07-18,59,10,1,12.2,5.06,0,Completed,Online
492,500276,2024-07-19,23,4,1,27.17,11.17,0.05,Completed,Marketplace
493,500283,2024-07-19,51,3,2,332.02,239.76,0.1,Completed,Marketplace
494,500283,2024-07-19,51,2,1,223.33,153.96,0.05,Completed,Marketplace
495,500299,2024-07-19,42,12,2,23.61,11.22,0.1,Completed,Retail Store
496,500313,2024-07-19,50,11,1,16.5,7.13,0,Completed,Online
497,500313,2024-07-19,50,10,1,12.39,5.05,0.1,Completed,Online
498,500278,2024-07-20,28,7,1,366.82,239.11,0,Completed,Online
499,500278,2024-07-20,28,8,1,268.76,158.44,0,Completed,Online
500,500278,2024-07-20,28,10,2,12.32,5.07,0,Completed,Online
501,500290,2024-07-20,44,3,1,332.81,241.0,0.05,Completed,Retail Store
502,500300,2024-07-21,45,1,1,740.77,548.13,0.1,Completed,Marketplace
503,500303,2024-07-21,31,2,1,232.92,152.59,0,Completed,Online
504,500281,2024-07-22,59,9,1,49.65,19.22,0.1,Completed,Online
505,500289,2024-07-22,61,1,1,743.85,540.19,0,Completed,Retail Store
506,500293,2024-07-22,51,2,1,236.78,154.07,0,Completed,Online
507,500293,2024-07-22,51,9,3,49.36,19.24,0,Completed,Online
508,500284,2024-07-23,62,12,1,23.86,11.14,0.05,Completed,Online
509,500291,2024-07-23,26,4,1,27.88,10.98,0.1,Cancelled,Online
510,500291,2024-07-23,26,1,1,744.09,542.89,0,Cancelled,Online
511,500291,2024-07-23,26,5,2,80.96,36.82,0.1,Cancelled,Online
512,500273,2024-07-24,5,5,1,80.08,37.06,0,Completed,Retail Store
513,500273,2024-07-24,5,7,1,373.77,236.22,0.03,Completed,Retail Store
514,500285,2024-07-24,2,12,1,24.06,10.98,0.15,Completed,Retail Store
515,500285,2024-07-24,2,9,2,48.13,18.91,0,Completed,Retail Store
516,500295,2024-07-26,45,5,2,81.75,37.09,0,Completed,Retail Store
517,500295,2024-07-26,45,2,1,228.84,152.48,0.03,Completed,Retail Store
518,500295,2024-07-26,45,11,3,16.21,6.97,0.05,Completed,Retail Store
519,500306,2024-07-26,8,10,1,12.15,4.93,0,Completed,Online
520,500316,2024-07-26,31,1,1,740.05,553.21,0,Completed,Online
521,500316,2024-07-26,31,5,2,78.84,36.91,0,Completed,Online
522,500282,2024-07-27,48,2,1,227.68,152.15,0,Cancelled,Retail Store
523,500317,2024-07-27,61,8,1,263.73,154.7,0,Completed,Retail Store
524,500317,2024-07-27,61,11,3,16.36,6.9,0,Completed,Retail Store
525,500279,2024-07-28,54,6,1,123.88,70.94,0,Completed,Retail Store
526,500279,2024-07-28,54,3,2,321.15,235.58,0.05,Completed,Retail Store
527,500302,2024-07-28,16,9,2,47.62,18.92,0,Completed,Online
528,500302,2024-07-28,16,8,1,259.16,159.1,0,Completed,Online
529,500302,2024-07-28,16,11,1,15.95,6.91,0.05,Completed,Online
530,500309,2024-07-29,12,8,1,270.39,157.33,0.03,Completed,Marketplace
531,500309,2024-07-29,12,5,2,81.85,36.65,0.15,Completed,Marketplace
532,500319,2024-07-29,48,12,3,24.67,11.15,0.05,Completed,Retail Store
533,500270,2024-07-30,26,9,2,47.09,19.27,0.1,Completed,Online
534,500301,2024-07-30,50,7,1,377.76,231.51,0.03,Completed,Online
535,500301,2024-07-30,50,5,2,77.17,37.24,0.1,Completed,Online
536,500310,2024-07-30,12,3,2,324.72,238.73,0,Completed,Online
537,500310,2024-07-30,12,4,2,27.75,10.88,0,Completed,Online
538,500310,2024-07-30,12,9,2,49.72,18.98,0.03,Completed,Online
539,500269,2024-07-31,34,2,1,229.53,153.86,0,Completed,Online
540,500269,2024-07-31,34,7,1,366.79,234.24,0,Completed,Online
541,500328,2024-08-01,56,11,2,16.38,7.13,0.1,Completed,Retail Store
542,500330,2024-08-01,7,6,1,119.08,71.28,0,Completed,Online
543,500330,2024-08-01,7,4,1,26.47,10.98,0,Completed,Online
544,500325,2024-08-02,8,9,2,49.27,19.13,0,Completed,Retail Store
545,500327,2024-08-02,51,5,2,81.64,36.57,0.03,Completed,Online
546,500327,2024-08-02,51,3,1,327.47,239.68,0,Completed,Online
547,500333,2024-08-02,22,10,1,11.85,4.94,0.05,Completed,Retail Store
548,500333,2024-08-02,22,9,1,47.73,18.79,0,Completed,Retail Store
549,500344,2024-08-06,61,12,2,23.68,11.17,0.1,Completed,Marketplace
550,500344,2024-08-06,61,10,1,12.28,5.05,0.15,Completed,Marketplace
551,500355,2024-08-06,7,10,2,12.27,5.05,0,Completed,Marketplace
552,500362,2024-08-06,59,9,1,49.19,19.2,0,Completed,Retail Store
553,500365,2024-08-07,18,9,1,47.25,18.81,0.1,Completed,Online
554,500347,2024-08-09,2,10,2,11.79,4.99,0,Completed,Retail Store
555,500347,2024-08-09,2,6,3,120.93,70.43,0.1,Completed,Retail Store
556,500349,2024-08-11,59,2,2,234.61,153.66,0,Completed,Online
557,500349,2024-08-11,59,8,1,253.04,157.62,0.15,Completed,Online
558,500334,2024-08-12,19,3,2,342.61,242.37,0.1,Completed,Online
559,500334,2024-08-12,19,1,1,757.96,551.86,0.03,Completed,Online
560,500334,2024-08-12,19,12,1,23.52,11.16,0,Completed,Online
561,500353,2024-08-12,39,11,1,15.66,6.9,0.1,Completed,Online
562,500353,2024-08-12,39,1,1,742.27,541.56,0.1,Completed,Online
563,500335,2024-08-13,33,5,1,81.51,37.09,0.1,Completed,Online
564,500335,2024-08-13,33,2,1,238.44,150.93,0,Completed,Online
565,500326,2024-08-14,46,9,2,47.49,19.18,0.1,Completed,Retail Store
566,500326,2024-08-14,46,7,1,370.76,233.42,0.05,Completed,Retail Store
567,500354,2024-08-14,42,7,3,374.61,238.94,0.15,Completed,Online
568,500360,2024-08-14,35,10,3,11.71,5.04,0,Completed,Marketplace
569,500360,2024-08-14,35,6,1,117.42,70.53,0,Completed,Marketplace
570,500361,2024-08-15,12,2,2,230.53,155.18,0,Completed,Online
571,500342,2024-08-16,24,4,1,28.08,11.1,0,Completed,Online
572,500348,2024-08-16,26,5,2,78.69,36.83,0,Completed,Online
573,500348,2024-08-16,26,9,1,47.51,18.78,0.1,Completed,Online
574,500339,2024-08-17,48,1,1,728.48,551.47,0.05,Completed,Online
575,500340,2024-08-17,50,11,3,15.88,6.91,0,Completed,Online
576,500345,2024-08-17,5,5,1,77.39,37.03,0,Completed,Retail Store
577,500345,2024-08-17,5,9,1,48.69,19.13,0,Completed,Retail Store
578,500350,2024-08-18,25,9,1,49.97,19.17,0,Completed,Online
579,500350,2024-08-18,25,4,1,26.34,11.04,0.15,Completed,Online
580,500350,2024-08-18,25,2,1,236.82,155.49,0.1,Completed,Online
581,500352,2024-08-18,22,3,1,330.95,242.44,0.03,Completed,Marketplace
582,500359,2024-08-18,56,5,2,78.61,37.44,0,Completed,Marketplace
583,500359,2024-08-18,56,8,1,252.69,157.47,0.15,Completed,Marketplace
584,500341,2024-08-19,38,8,3,264.04,154.46,0.03,Completed,Retail Store
585,500356,2024-08-21,20,8,1,266.97,158.59,0,Completed,Retail Store
586,500363,2024-08-21,51,8,1,264.48,156.27,0.05,Completed,Online
587,500331,2024-08-22,57,3,1,328.62,240.86,0,Completed,Retail Store
588,500331,2024-08-22,57,8,1,265.07,154.55,0,Completed,Retail Store
589,500346,2024-08-23,15,5,1,80.0,36.51,0,Completed,Marketplace
590,500346,2024-08-23,15,7,2,364.95,236.94,0.03,Completed,Marketplace
591,500332,2024-08-24,55,6,1,124.0,71.35,0,Completed,Retail Store
592,500332,2024-08-24,55,7,1,360.11,236.79,0,Completed,Retail Store
593,500337,2024-08-24,36,7,1,375.46,233.07,0.1,Completed,Online
594,500343,2024-08-26,17,11,2,16.02,6.98,0,Completed,Retail Store
595,500343,2024-08-26,17,12,1,23.87,11.06,0,Completed,Retail Store
596,500338,2024-08-29,29,4,1,27.73,10.9,0.03,Completed,Retail Store
597,500338,2024-08-29,29,12,2,24.95,11.12,0.03,Completed,Retail Store
598,500351,2024-08-29,18,2,1,229.45,153.54,0,Completed,Retail Store
599,500364,2024-08-29,16,1,2,756.27,549.47,0,Completed,Retail Store
600,500364,2024-08-29,16,7,2,371.87,232.21,0.03,Completed,Retail Store
601,500357,2024-08-30,7,4,2,26.43,10.98,0,Completed,Online
602,500329,2024-08-31,34,1,2,742.18,551.54,0,Completed,Online
603,500329,2024-08-31,34,8,1,259.56,155.42,0,Completed,Online
604,500329,2024-08-31,34,2,1,230.57,153.53,0,Completed,Online
605,500336,2024-08-31,51,8,2,255.5,155.54,0,Completed,Online
606,500358,2024-08-31,34,10,1,11.95,5.06,0.05,Completed,Retail Store
607,500379,2024-09-01,31,9,2,48.04,19.18,0.15,Completed,Retail Store
608,500394,2024-09-01,25,2,1,232.15,152.58,0.03,Completed,Marketplace
609,500387,2024-09-02,51,6,1,123.21,70.43,0,Completed,Online
610,500404,2024-09-02,37,2,1,234.14,152.07,0,Completed,Marketplace
611,500391,2024-09-06,54,7,1,377.82,234.32,0.03,Completed,Online
612,500391,2024-09-06,54,5,1,78.33,37.15,0,Completed,Online
613,500391,2024-09-06,54,9,1,49.71,19.12,0.1,Completed,Online
614,500398,2024-09-06,14,10,1,12.4,5.1,0.1,Completed,Online
615,500398,2024-09-06,14,5,1,81.26,36.87,0,Completed,Online
616,500374,2024-09-10,56,9,3,49.05,19.06,0,Completed,Online
617,500374,2024-09-10,56,2,3,234.67,151.26,0.05,Completed,Online
618,500377,2024-09-10,31,5,2,80.94,36.55,0.05,Completed,Marketplace
619,500369,2024-09-11,2,9,2,47.58,18.77,0,Completed,Marketplace
620,500369,2024-09-11,2,8,1,260.91,158.58,0,Completed,Marketplace
621,500382,2024-09-12,11,9,1,49.24,19.33,0.05,Completed,Retail Store
622,500388,2024-09-13,38,7,1,381.35,234.33,0,Completed,Retail Store
623,500390,2024-09-14,62,11,1,15.86,7.01,0,Completed,Retail Store
624,500393,2024-09-14,6,9,1,47.63,19.3,0,Completed,Retail Store
625,500393,2024-09-14,6,1,1,713.82,535.18,0,Completed,Retail Store
626,500371,2024-09-15,31,9,1,49.49,19.36,0,Completed,Marketplace
627,500373,2024-09-15,43,5,1,77.96,37.3,0.05,Completed,Retail Store
628,500376,2024-09-15,33,6,1,116.98,71.81,0,Completed,Marketplace
629,500376,2024-09-15,33,8,1,260.76,156.41,0.03,Completed,Marketplace
630,500376,2024-09-15,33,2,3,230.86,152.78,0,Completed,Marketplace
631,500367,2024-09-17,14,12,2,24.71,11.14,0,Completed,Online
632,500367,2024-09-17,14,9,2,49.79,19.23,0.03,Completed,Online
633,500370,2024-09-17,7,2,2,236.22,153.12,0,Completed,Retail Store
634,500370,2024-09-17,7,8,1,255.88,156.0,0,Completed,Retail Store
635,500381,2024-09-17,25,11,1,16.51,7.03,0.1,Completed,Online
636,500385,2024-09-17,37,9,1,49.81,19.1,0,Completed,Marketplace
637,500385,2024-09-17,37,12,1,24.67,11.03,0,Completed,Marketplace
638,500396,2024-09-17,18,5,2,80.12,36.47,0.1,Completed,Retail Store
639,500397,2024-09-17,6,1,1,742.11,543.65,0.03,Cancelled,Online
640,500386,2024-09-18,41,5,1,78.17,37.7,0.03,Completed,Online
641,500403,2024-09-18,63,5,1,79.27,36.78,0.15,Completed,Online
642,500403,2024-09-18,63,12,1,24.05,10.86,0,Completed,Online
643,500406,2024-09-18,65,5,1,78.62,36.55,0.03,Completed,Retail Store
644,500406,2024-09-18,65,10,1,12.13,5.02,0.05,Completed,Retail Store
645,500399,2024-09-20,32,4,1,26.36,11.13,0.05,Completed,Retail Store
646,500405,2024-09-21,4,8,4,256.9,158.19,0,Completed,Online
647,500389,2024-09-22,35,3,1,343.22,240.28,0.05,Completed,Online
648,500389,2024-09-22,35,7,1,367.65,235.62,0.05,Completed,Online
649,500392,2024-09-22,14,5,1,77.46,37.65,0.05,Completed,Marketplace
650,500402,2024-09-22,25,8,2,261.47,157.69,0,Cancelled,Retail Store
651,500402,2024-09-22,25,5,2,79.37,36.59,0,Cancelled,Retail Store
652,500368,2024-09-23,38,12,1,24.93,10.92,0.1,Completed,Retail Store
653,500368,2024-09-23,38,4,1,26.72,10.97,0.03,Completed,Retail Store
654,500368,2024-09-23,38,11,2,16.12,7.07,0.03,Completed,Retail Store
655,500380,2024-09-24,19,3,3,326.04,241.12,0,Completed,Retail Store
656,500380,2024-09-24,19,4,2,26.83,10.84,0.05,Completed,Retail Store
657,500400,2024-09-24,9,9,1,48.66,19.28,0,Cancelled,Online
658,500366,2024-09-27,56,8,1,263.07,157.52,0,Completed,Online
659,500366,2024-09-27,56,10,2,11.95,5.08,0,Completed,Online
660,500372,2024-09-27,64,1,1,754.5,549.72,0.03,Completed,Marketplace
661,500372,2024-09-27,64,11,1,16.29,7.08,0,Completed,Marketplace
662,500375,2024-09-28,26,4,2,27.63,11.11,0,Completed,Online
663,500384,2024-09-29,43,3,2,329.22,237.91,0,Completed,Online
664,500395,2024-09-29,16,10,1,12.12,5.07,0.03,Completed,Retail Store
665,500378,2024-09-30,48,1,1,751.31,548.37,0,Cancelled,Online
666,500383,2024-09-30,53,4,1,26.85,11.06,0,Completed,Retail Store
667,500401,2024-09-30,55,2,1,231.92,154.89,0,Completed,Online
668,500401,2024-09-30,55,9,1,48.11,18.82,0,Completed,Online
669,500401,2024-09-30,55,6,2,117.88,71.15,0.1,Completed,Online
670,500410,2024-10-01,45,6,1,123.31,71.4,0,Completed,Online
671,500411,2024-10-01,19,12,1,23.87,11.17,0,Completed,Online
672,500411,2024-10-01,19,2,1,223.28,151.64,0,Completed,Online
673,500448,2024-10-01,40,9,1,48.44,19.02,0,Completed,Online
674,500446,2024-10-04,23,6,3,116.76,71.66,0.03,Completed,Online
675,500407,2024-10-05,22,7,2,372.73,235.35,0,Completed,Retail Store
676,500407,2024-10-05,22,5,2,80.04,37.17,0,Completed,Retail Store
677,500419,2024-10-05,27,10,1,12.08,4.97,0,Completed,Online
678,500419,2024-10-05,27,8,1,265.78,157.9,0,Completed,Online
679,500419,2024-10-05,27,11,1,16.53,6.99,0,Completed,Online
680,500421,2024-10-05,18,6,1,124.17,70.48,0.05,Completed,Online
681,500417,2024-10-06,17,5,1,80.25,37.57,0.05,Completed,Marketplace
682,500444,2024-10-06,17,7,1,374.29,238.16,0,Completed,Retail Store
683,500444,2024-10-06,17,10,1,12.47,4.96,0.05,Completed,Retail Store
684,500418,2024-10-07,21,8,1,268.48,157.35,0,Completed,Marketplace
685,500418,2024-10-07,21,3,1,322.37,238.03,0.1,Completed,Marketplace
686,500432,2024-10-07,19,8,1,260.83,157.18,0,Completed,Retail Store
687,500442,2024-10-07,26,2,1,226.71,152.03,0.05,Completed,Marketplace
688,500443,2024-10-07,12,11,1,16.22,7.1,0,Completed,Online
689,500443,2024-10-07,12,1,2,715.35,551.55,0.03,Completed,Online
690,500440,2024-10-08,21,7,1,370.44,236.09,0.03,Completed,Retail Store
691,500440,2024-10-08,21,4,1,26.74,10.97,0,Completed,Retail Store
692,500425,2024-10-10,65,4,2,27.41,10.88,0,Completed,Online
693,500409,2024-10-11,34,7,1,372.12,234.9,0,Completed,Online
694,500429,2024-10-11,29,7,1,361.19,238.46,0.05,Cancelled,Marketplace
695,500429,2024-10-11,29,11,1,15.91,6.92,0.05,Cancelled,Marketplace
696,500449,2024-10-11,34,9,3,48.66,18.78,0.03,Completed,Online
697,500449,2024-10-11,34,12,3,23.97,10.88,0,Completed,Online
698,500416,2024-10-12,35,2,1,230.41,152.46,0,Completed,Online
699,500416,2024-10-12,35,11,3,16.11,6.91,0.1,Completed,Online
700,500413,2024-10-13,57,12,1,24.45,11.2,0,Completed,Online
701,500424,2024-10-14,1,5,1,82.15,37.43,0,Cancelled,Online
702,500424,2024-10-14,1,6,1,121.19,70.16,0,Cancelled,Online
703,500427,2024-10-15,4,10,2,11.82,5.04,0,Completed,Online
704,500427,2024-10-15,4,11,2,15.88,7.07,0,Completed,Online
705,500433,2024-10-15,4,5,1,79.46,37.55,0.05,Completed,Retail Store
706,500408,2024-10-19,47,5,2,79.99,37.02,0,Cancelled,Retail Store
707,500408,2024-10-19,47,11,1,15.6,7.01,0,Cancelled,Retail Store
708,500414,2024-10-20,1,2,1,227.78,155.05,0.05,Completed,Retail Store
709,500423,2024-10-20,51,10,2,12.51,4.98,0.03,Completed,Online
710,500450,2024-10-21,53,1,1,739.71,539.16,0,Completed,Online
711,500450,2024-10-21,53,2,1,230.43,155.07,0,Completed,Online
712,500437,2024-10-22,47,10,2,11.75,4.94,0,Completed,Retail Store
713,500445,2024-10-22,46,11,2,15.8,6.97,0,Completed,Online
714,500445,2024-10-22,46,1,1,727.93,550.94,0,Completed,Online
715,500412,2024-10-23,4,7,2,374.45,235.83,0,Completed,Marketplace
716,500412,2024-10-23,4,10,1,12.43,4.93,0,Completed,Marketplace
717,500431,2024-10-23,42,1,2,733.04,541.31,0.05,Completed,Marketplace
718,500434,2024-10-23,52,1,2,753.7,546.0,0.05,Completed,Marketplace
719,500434,2024-10-23,52,12,1,24.27,10.86,0,Completed,Marketplace
720,500430,2024-10-24,34,8,1,264.4,156.94,0,Completed,Online
721,500436,2024-10-25,43,4,1,26.51,11.18,0,Cancelled,Online
722,500436,2024-10-25,43,10,1,12.46,4.97,0.05,Cancelled,Online
723,500439,2024-10-25,60,12,2,24.96,11.13,0,Completed,Marketplace
724,500439,2024-10-25,60,5,1,81.4,37.41,0.03,Completed,Marketplace
725,500422,2024-10-26,33,3,3,330.37,236.37,0.1,Completed,Marketplace
726,500435,2024-10-26,58,10,1,11.78,5.09,0,Completed,Online
727,500415,2024-10-28,34,4,2,27.43,10.95,0.1,Completed,Retail Store
728,500415,2024-10-28,34,2,1,236.63,152.07,0,Completed,Retail Store
729,500415,2024-10-28,34,10,2,12.49,5.07,0,Completed,Retail Store
730,500420,2024-10-29,61,10,2,12.02,4.99,0.05,Completed,Online
731,500420,2024-10-29,61,2,1,231.85,154.87,0,Completed,Online
732,500441,2024-10-29,25,8,1,254.07,154.96,0.05,Completed,Online
733,500441,2024-10-29,25,1,1,721.48,536.02,0,Completed,Online
734,500438,2024-10-30,18,1,1,735.81,540.45,0.03,Cancelled,Retail Store
735,500438,2024-10-30,18,3,1,339.84,241.8,0,Cancelled,Retail Store
736,500426,2024-10-31,19,3,1,324.4,241.2,0.03,Completed,Online
737,500426,2024-10-31,19,9,1,48.29,19.08,0.03,Completed,Online
738,500426,2024-10-31,19,8,1,252.71,158.23,0.03,Completed,Online
739,500428,2024-10-31,46,4,2,28.12,11.02,0,Completed,Retail Store
740,500447,2024-10-31,39,11,2,16.17,7.05,0,Completed,Retail Store
741,500452,2024-11-03,56,2,1,229.83,155.8,0,Completed,Retail Store
742,500452,2024-11-03,56,9,2,48.08,18.81,0,Completed,Retail Store
743,500452,2024-11-03,56,11,1,16.09,7.01,0,Completed,Retail Store
744,500492,2024-11-03,29,8,1,264.09,156.25,0.05,Completed,Online
745,500494,2024-11-03,24,12,2,23.4,11.12,0.05,Completed,Retail Store
746,500463,2024-11-04,13,7,1,360.14,238.95,0,Completed,Online
747,500497,2024-11-04,20,4,2,27.19,11.15,0,Completed,Marketplace
748,500497,2024-11-04,20,5,3,77.34,36.63,0.1,Completed,Marketplace
749,500472,2024-11-05,55,10,3,11.71,4.94,0,Completed,Retail Store
750,500472,2024-11-05,55,4,1,26.72,11.01,0,Completed,Retail Store
751,500484,2024-11-05,32,1,1,752.87,546.9,0,Completed,Online
752,500496,2024-11-05,28,2,3,235.97,154.33,0,Completed,Marketplace
753,500496,2024-11-05,28,8,2,262.62,154.87,0.1,Completed,Marketplace
754,500501,2024-11-05,32,12,4,24.24,11.02,0,Cancelled,Retail Store
755,500465,2024-11-06,26,12,1,24.79,10.9,0.03,Completed,Retail Store
756,500465,2024-11-06,26,6,1,116.91,70.46,0,Completed,Retail Store
757,500466,2024-11-06,21,9,1,48.86,18.94,0,Completed,Retail Store
758,500466,2024-11-06,21,2,2,234.25,155.9,0,Completed,Retail Store
759,500487,2024-11-06,29,8,2,263.92,155.59,0,Completed,Online
760,500493,2024-11-06,19,1,2,724.44,550.24,0.05,Completed,Online
761,500476,2024-11-07,54,1,1,749.18,547.38,0.05,Completed,Retail Store
762,500488,2024-11-07,34,2,1,230.82,151.94,0.03,Completed,Online
763,500498,2024-11-07,42,6,1,122.45,70.48,0,Completed,Marketplace
764,500464,2024-11-08,23,1,1,755.66,542.89,0,Completed,Marketplace
765,500490,2024-11-08,17,11,2,16.7,6.93,0,Completed,Retail Store
766,500490,2024-11-08,17,5,2,78.96,37.39,0,Completed,Retail Store
767,500495,2024-11-09,25,8,2,256.45,156.96,0,Completed,Online
768,500495,2024-11-09,25,4,1,27.63,10.92,0,Completed,Online
769,500495,2024-11-09,25,1,2,740.15,545.82,0,Completed,Online
770,500482,2024-11-10,38,4,1,28.06,11.13,0.05,Completed,Online
771,500482,2024-11-10,38,5,1,81.45,36.76,0,Completed,Online
772,500491,2024-11-10,8,11,1,16.02,6.92,0,Completed,Retail Store
773,500461,2024-11-11,5,3,1,327.45,241.12,0.03,Completed,Online
774,500485,2024-11-11,55,10,1,12.28,5.06,0.03,Completed,Online
775,500485,2024-11-11,55,9,1,47.37,19.29,0,Completed,Online
776,500474,2024-11-13,55,5,1,79.65,37.45,0,Completed,Online
777,500480,2024-11-13,48,1,1,723.82,538.55,0,Completed,Retail Store
778,500499,2024-11-14,40,2,1,233.99,155.93,0,Completed,Online
779,500451,2024-11-16,65,10,2,11.94,5.02,0,Completed,Online
780,500454,2024-11-17,60,1,1,733.62,535.84,0.05,Completed,Online
781,500455,2024-11-17,43,12,1,24.92,10.99,0,Completed,Online
782,500455,2024-11-17,43,9,1,48.73,19.27,0.05,Completed,Online
783,500455,2024-11-17,43,6,2,117.42,71.78,0,Completed,Online
784,500473,2024-11-17,51,10,1,12.05,5.04,0,Completed,Online
785,500473,2024-11-17,51,9,3,47.43,18.97,0.03,Completed,Online
786,500500,2024-11-17,39,11,1,16.35,7.07,0.03,Completed,Marketplace
787,500486,2024-11-18,56,5,2,77.36,37.36,0.05,Completed,Online
788,500486,2024-11-18,56,7,1,384.04,233.1,0.05,Completed,Online
789,500453,2024-11-19,18,2,1,223.73,154.94,0,Completed,Marketplace
790,500459,2024-11-19,9,6,1,120.04,72.2,0,Completed,Online
791,500483,2024-11-21,40,9,1,49.07,19.04,0,Completed,Retail Store
792,500471,2024-11-22,27,10,2,11.79,4.97,0,Cancelled,Online
793,500471,2024-11-22,27,6,1,119.86,71.43,0,Cancelled,Online
794,500460,2024-11-24,18,12,3,24.1,11.08,0.1,Completed,Retail Store
795,500460,2024-11-24,18,7,1,384.78,234.23,0.03,Completed,Retail Store
796,500478,2024-11-24,16,5,1,78.11,37.19,0,Completed,Online
797,500478,2024-11-24,16,3,1,329.16,234.58,0,Completed,Online
798,500489,2024-11-24,45,2,1,234.1,152.37,0,Completed,Retail Store
799,500467,2024-11-25,36,4,1,27.87,11.15,0.15,Completed,Retail Store
800,500470,2024-11-25,18,11,1,16.53,7.14,0,Completed,Online
801,500470,2024-11-25,18,9,2,48.88,19.22,0,Completed,Online
802,500457,2024-11-26,55,3,1,337.26,242.24,0,Completed,Online
803,500457,2024-11-26,55,5,3,77.75,37.18,0.03,Completed,Online
804,500457,2024-11-26,55,1,1,733.0,548.25,0,Completed,Online
805,500468,2024-11-26,19,6,1,124.17,71.97,0,Completed,Online
806,500462,2024-11-27,22,9,2,48.54,19.25,0.03,Completed,Online
807,500462,2024-11-27,22,4,1,28.0,10.91,0,Completed,Online
808,500469,2024-11-28,3,7,1,378.75,232.8,0,Completed,Online
809,500456,2024-11-29,35,4,2,26.67,11.08,0,Completed,Retail Store
810,500458,2024-11-29,5,4,1,27.09,11.18,0,Completed,Online
811,500479,2024-11-29,27,10,1,12.22,5.09,0,Completed,Marketplace
812,500479,2024-11-29,27,12,3,24.07,10.88,0,Completed,Marketplace
813,500481,2024-11-29,39,4,1,26.84,11.14,0,Completed,Retail Store
814,500475,2024-11-30,63,7,2,376.7,232.99,0,Completed,Marketplace
815,500477,2024-11-30,22,9,1,48.58,19.26,0,Completed,Marketplace
816,500477,2024-11-30,22,11,1,16.29,7.07,0.1,Completed,Marketplace
817,500514,2024-12-01,28,5,1,78.87,36.83,0,Completed,Marketplace
818,500514,2024-12-01,28,9,1,49.9,19.3,0.05,Completed,Marketplace
819,500514,2024-12-01,28,6,2,118.31,71.62,0.03,Completed,Marketplace
820,500516,2024-12-02,48,6,2,121.59,71.33,0,Completed,Online
821,500516,2024-12-02,48,10,2,12.3,4.99,0.05,Completed,Online
822,500539,2024-12-02,4,2,1,232.01,152.06,0.1,Completed,Retail Store
823,500539,2024-12-02,4,9,3,47.04,19.05,0.05,Completed,Retail Store
824,500539,2024-12-02,4,11,2,16.19,7.06,0.05,Completed,Retail Store
825,500512,2024-12-04,33,1,1,725.92,542.33,0,Completed,Online
826,500512,2024-12-04,33,9,3,48.02,18.89,0,Completed,Online
827,500515,2024-12-04,45,10,2,12.01,5.05,0.05,Cancelled,Online
828,500551,2024-12-04,10,5,1,81.57,37.38,0.03,Completed,Online
829,500551,2024-12-04,10,11,1,15.72,7.04,0.03,Completed,Online
830,500503,2024-12-05,11,10,1,12.28,5.09,0.03,Completed,Online
831,500503,2024-12-05,11,8,2,257.78,158.18,0.03,Completed,Online
832,500511,2024-12-05,50,1,1,752.52,546.71,0.1,Completed,Marketplace
833,500523,2024-12-05,55,10,1,11.87,4.93,0.03,Completed,Retail Store
834,500523,2024-12-05,55,9,1,47.87,18.97,0,Completed,Retail Store
835,500556,2024-12-05,18,11,1,15.65,6.93,0.1,Completed,Retail Store
836,500556,2024-12-05,18,1,2,724.71,547.08,0,Completed,Retail Store
837,500506,2024-12-06,6,11,2,16.69,6.97,0,Completed,Retail Store
838,500506,2024-12-06,6,10,2,12.07,4.95,0.05,Completed,Retail Store
839,500506,2024-12-06,6,7,1,374.11,239.06,0.03,Completed,Retail Store
840,500526,2024-12-06,8,2,1,233.91,155.05,0.05,Completed,Online
841,500543,2024-12-06,45,7,1,382.86,232.66,0.05,Completed,Online
842,500543,2024-12-06,45,6,2,123.24,70.8,0.05,Completed,Online
843,500553,2024-12-08,56,7,1,361.04,234.79,0,Completed,Online
844,500557,2024-12-08,51,8,1,260.07,154.94,0.15,Completed,Retail Store
845,500557,2024-12-08,51,4,1,27.92,11.17,0.03,Completed,Retail Store
846,500525,2024-12-09,15,7,2,383.15,234.47,0,Completed,Marketplace
847,500525,2024-12-09,15,10,1,12.41,5.07,0.15,Completed,Marketplace
848,500525,2024-12-09,15,3,2,323.03,239.92,0.05,Completed,Marketplace
849,500548,2024-12-09,59,9,1,48.69,18.93,0,Completed,Retail Store
850,500517,2024-12-10,63,4,2,27.11,11.05,0.15,Cancelled,Online
851,500552,2024-12-10,8,4,1,27.63,11.15,0.03,Completed,Online
852,500552,2024-12-10,8,11,1,16.27,7.03,0.03,Completed,Online
853,500555,2024-12-11,65,8,1,269.29,157.65,0,Completed,Online
854,500504,2024-12-12,24,1,1,727.17,538.69,0.03,Completed,Marketplace
855,500508,2024-12-12,11,7,2,383.49,231.66,0,Completed,Marketplace
856,500513,2024-12-12,5,12,2,24.6,11.06,0.03,Completed,Online
857,500513,2024-12-12,5,9,3,49.06,19.3,0,Completed,Online
858,500536,2024-12-12,1,9,4,48.79,18.9,0.1,Completed,Online
859,500536,2024-12-12,1,6,2,117.48,72.16,0,Completed,Online
860,500550,2024-12-12,51,4,1,28.13,11.03,0,Completed,Online
861,500550,2024-12-12,51,12,1,24.7,11.02,0,Completed,Online
862,500518,2024-12-13,22,10,2,12.25,4.93,0,Completed,Marketplace
863,500518,2024-12-13,22,11,1,16.42,7.03,0,Completed,Marketplace
864,500527,2024-12-13,32,3,1,343.14,240.93,0.05,Completed,Marketplace
865,500540,2024-12-13,13,6,1,122.28,72.13,0,Completed,Online
866,500540,2024-12-13,13,9,2,47.6,19.3,0,Completed,Online
867,500540,2024-12-13,13,10,2,11.76,4.98,0,Completed,Online
868,500559,2024-12-13,49,8,1,269.77,155.76,0,Completed,Online
869,500559,2024-12-13,49,4,2,27.81,10.84,0.05,Completed,Online
870,500528,2024-12-14,18,8,2,256.32,158.1,0,Completed,Retail Store
871,500531,2024-12-14,2,5,2,79.53,36.47,0,Completed,Retail Store
872,500531,2024-12-14,2,10,1,12.28,5.08,0.03,Completed,Retail Store
873,500507,2024-12-15,29,3,1,335.49,241.45,0,Completed,Marketplace
874,500542,2024-12-15,38,2,1,235.03,152.88,0,Completed,Online
875,500542,2024-12-15,38,11,1,16.2,6.9,0,Completed,Online
876,500510,2024-12-16,43,7,1,372.36,235.35,0.05,Completed,Retail Store
877,500532,2024-12-17,45,9,1,48.88,19.03,0,Completed,Online
878,500544,2024-12-17,43,3,2,340.85,235.82,0,Cancelled,Marketplace
879,500544,2024-12-17,43,11,1,16.11,7.11,0,Cancelled,Marketplace
880,500534,2024-12-18,24,11,1,16.3,6.91,0,Completed,Online
881,500534,2024-12-18,24,6,1,124.21,70.96,0.03,Completed,Online
882,500541,2024-12-18,35,4,2,27.9,11.18,0.1,Completed,Retail Store
883,500547,2024-12-19,61,1,1,719.68,551.82,0,Completed,Online
884,500533,2024-12-20,40,12,1,24.59,11.18,0.1,Completed,Retail Store
885,500549,2024-12-20,52,12,1,24.98,10.87,0.03,Completed,Retail Store
886,500549,2024-12-20,52,11,2,15.74,6.91,0,Completed,Retail Store
887,500554,2024-12-21,4,10,2,12.32,4.96,0.03,Completed,Retail Store
888,500554,2024-12-21,4,3,3,334.68,236.74,0,Completed,Retail Store
889,500520,2024-12-22,56,11,1,15.73,7.11,0,Cancelled,Marketplace
890,500538,2024-12-22,1,1,1,742.7,545.07,0,Completed,Online
891,500538,2024-12-22,1,11,3,16.05,7.01,0,Completed,Online
892,500538,2024-12-22,1,4,3,27.93,10.98,0.1,Completed,Online
893,500558,2024-12-22,41,4,1,26.79,11.17,0,Cancelled,Online
894,500505,2024-12-24,40,9,1,47.74,18.76,0.03,Completed,Online
895,500505,2024-12-24,40,4,1,27.85,10.99,0,Completed,Online
896,500502,2024-12-25,51,4,3,26.35,10.92,0,Completed,Online
897,500502,2024-12-25,51,1,1,737.09,536.63,0,Completed,Online
898,500519,2024-12-25,23,4,1,27.11,11.11,0,Completed,Online
899,500529,2024-12-25,46,9,1,48.04,19.3,0.03,Completed,Online
900,500522,2024-12-26,38,8,2,265.55,156.35,0,Completed,Online
901,500522,2024-12-26,38,3,2,326.14,239.06,0.1,Completed,Online
902,500509,2024-12-27,52,9,1,47.68,19.08,0.05,Completed,Online
903,500524,2024-12-27,62,10,1,12.23,4.99,0,Completed,Online
904,500524,2024-12-27,62,12,3,23.82,10.92,0.05,Completed,Online
905,500530,2024-12-27,61,8,2,257.15,154.65,0,Completed,Retail Store
906,500545,2024-12-28,64,1,1,711.08,551.63,0,Completed,Retail Store
907,500546,2024-12-28,43,1,1,755.36,550.24,0,Completed,Retail Store
908,500546,2024-12-28,43,3,3,342.16,239.78,0,Completed,Retail Store
909,500537,2024-12-29,48,8,1,262.49,157.81,0.05,Completed,Retail Store
910,500537,2024-12-29,48,6,1,124.1,72.05,0,Completed,Retail Store
911,500521,2024-12-31,43,3,4,328.19,241.84,0.1,Completed,Marketplace
912,500535,2024-12-31,3,3,1,327.17,236.82,0.05,Completed,Retail Store
913,500535,2024-12-31,3,9,2,47.57,19.0,0,Completed,Retail Store
914,500573,2025-01-01,65,7,1,382.68,247.34,0.03,Completed,Retail Store
915,500573,2025-01-01,65,10,1,12.23,5.17,0,Completed,Retail Store
916,500560,2025-01-03,2,9,1,51.81,19.6,0,Cancelled,Marketplace
917,500560,2025-01-03,2,7,1,395.54,244.79,0,Cancelled,Marketplace
918,500560,2025-01-03,2,5,3,81.35,38.88,0.15,Cancelled,Marketplace
919,500562,2025-01-03,52,8,1,280.0,160.71,0.05,Completed,Retail Store
920,500562,2025-01-03,52,6,1,121.36,75.31,0.05,Completed,Retail Store
921,500562,2025-01-03,52,9,1,50.19,19.87,0.05,Completed,Retail Store
922,500588,2025-01-04,1,8,1,269.79,165.11,0.03,Completed,Online
923,500572,2025-01-05,43,7,2,397.45,241.24,0,Completed,Online
924,500576,2025-01-05,42,8,1,264.0,163.17,0.05,Completed,Retail Store
925,500564,2025-01-06,18,1,2,742.23,568.19,0.03,Completed,Online
926,500566,2025-01-06,10,9,1,50.66,20.01,0,Completed,Online
927,500566,2025-01-06,10,11,1,16.57,7.29,0,Completed,Online
928,500568,2025-01-06,2,8,1,278.03,164.99,0,Completed,Retail Store
929,500569,2025-01-07,14,1,2,768.32,571.54,0.05,Completed,Marketplace
930,500570,2025-01-09,4,4,2,27.54,11.44,0.05,Completed,Retail Store
931,500570,2025-01-09,4,7,1,385.92,243.31,0,Completed,Retail Store
932,500590,2025-01-09,48,8,1,277.34,162.27,0.03,Completed,Online
933,500595,2025-01-09,64,3,1,343.84,247.64,0,Completed,Online
934,500584,2025-01-11,29,9,1,51.88,20.18,0,Completed,Retail Store
935,500586,2025-01-11,62,2,4,239.67,159.37,0,Completed,Online
936,500586,2025-01-11,62,6,2,126.6,73.17,0,Completed,Online
937,500593,2025-01-11,23,9,4,49.48,19.6,0,Cancelled,Retail Store
938,500580,2025-01-12,21,1,1,758.77,569.31,0.05,Completed,Retail Store
939,500587,2025-01-12,46,7,1,398.45,244.95,0,Completed,Online
940,500565,2025-01-16,2,9,1,50.28,20.13,0,Completed,Online
941,500565,2025-01-16,2,4,1,28.83,11.56,0,Completed,Online
942,500577,2025-01-16,42,11,1,17.08,7.36,0,Completed,Retail Store
943,500578,2025-01-18,60,2,1,234.18,158.02,0.05,Completed,Marketplace
944,500578,2025-01-18,60,10,1,12.4,5.23,0,Completed,Marketplace
945,500594,2025-01-18,17,8,3,276.54,165.0,0,Completed,Online
946,500594,2025-01-18,17,3,2,355.33,247.37,0,Completed,Online
947,500596,2025-01-19,33,8,1,274.12,163.36,0,Completed,Marketplace
948,500571,2025-01-20,2,10,2,12.29,5.14,0,Completed,Online
949,500571,2025-01-20,2,6,1,121.0,73.78,0,Completed,Online
950,500567,2025-01-21,35,7,2,389.06,248.4,0,Completed,Retail Store
951,500574,2025-01-21,43,4,3,28.17,11.57,0,Completed,Online
952,500575,2025-01-22,42,12,2,25.01,11.69,0.03,Cancelled,Retail Store
953,500585,2025-01-22,62,5,1,81.33,39.31,0.1,Completed,Online
954,500561,2025-01-23,24,10,1,12.36,5.22,0,Completed,Retail Store
955,500589,2025-01-23,45,7,1,394.28,243.08,0.05,Completed,Online
956,500599,2025-01-23,64,2,1,245.61,159.41,0,Completed,Marketplace
957,500600,2025-01-23,36,9,1,51.1,19.64,0,Completed,Marketplace
958,500579,2025-01-25,21,11,2,16.25,7.36,0.15,Completed,Retail Store
959,500579,2025-01-25,21,12,1,24.58,11.3,0.1,Completed,Retail Store
960,500582,2025-01-25,55,1,1,746.36,576.47,0,Completed,Online
961,500592,2025-01-25,48,10,1,12.9,5.27,0,Completed,Retail Store
962,500583,2025-01-30,16,12,2,25.2,11.51,0,Completed,Retail Store
963,500583,2025-01-30,16,3,3,333.66,249.38,0.15,Completed,Retail Store
964,500597,2025-01-30,21,4,1,28.62,11.36,0,Completed,Online
965,500597,2025-01-30,21,2,1,240.32,159.12,0,Completed,Online
966,500597,2025-01-30,21,3,1,349.53,249.9,0,Completed,Online
967,500598,2025-01-30,28,8,3,265.97,165.77,0,Completed,Online
968,500598,2025-01-30,28,11,2,16.15,7.34,0.15,Completed,Online
969,500563,2025-01-31,56,11,1,16.29,7.24,0,Completed,Online
970,500581,2025-01-31,55,11,1,16.79,7.39,0.1,Completed,Online
971,500581,2025-01-31,55,10,2,12.31,5.23,0,Completed,Online
972,500591,2025-01-31,39,7,2,395.27,244.72,0,Completed,Online
973,500616,2025-02-02,15,12,1,24.4,11.57,0,Completed,Online
974,500622,2025-02-02,25,4,1,27.79,11.32,0.1,Completed,Marketplace
975,500637,2025-02-02,14,5,2,80.83,39.03,0.1,Completed,Retail Store
976,500639,2025-02-02,17,2,1,235.35,159.43,0,Completed,Retail Store
977,500639,2025-02-02,17,12,2,25.02,11.53,0.03,Completed,Retail Store
978,500604,2025-02-03,33,2,1,234.45,161.07,0,Completed,Online
979,500604,2025-02-03,33,7,1,393.7,241.68,0,Completed,Online
980,500604,2025-02-03,33,4,1,28.15,11.41,0,Completed,Online
981,500619,2025-02-03,5,1,1,755.14,574.24,0,Completed,Online
982,500612,2025-02-04,40,6,3,127.09,73.66,0.05,Completed,Retail Store
983,500612,2025-02-04,40,8,1,267.21,164.0,0.1,Completed,Retail Store
984,500610,2025-02-06,20,3,2,348.13,250.22,0.03,Completed,Online
985,500610,2025-02-06,20,5,1,81.3,39.31,0,Completed,Online
986,500629,2025-02-06,9,10,2,12.67,5.31,0.03,Completed,Retail Store
987,500602,2025-02-08,42,8,1,274.62,165.57,0.05,Completed,Online
988,500602,2025-02-08,42,12,1,25.85,11.57,0,Completed,Online
989,500636,2025-02-08,34,2,1,246.34,161.01,0,Completed,Online
990,500621,2025-02-09,38,2,2,237.85,160.57,0.03,Completed,Retail Store
991,500631,2025-02-09,26,8,2,265.02,164.42,0.03,Cancelled,Online
992,500631,2025-02-09,26,7,1,385.92,245.49,0.15,Cancelled,Online
993,500615,2025-02-10,21,10,1,12.13,5.21,0,Completed,Online
994,500628,2025-02-10,18,4,1,27.63,11.3,0.03,Completed,Online
995,500628,2025-02-10,18,7,3,396.13,243.34,0,Completed,Online
996,500628,2025-02-10,18,3,1,345.29,250.24,0,Completed,Online
997,500614,2025-02-12,31,2,2,241.37,159.26,0.03,Completed,Marketplace
998,500644,2025-02-12,3,6,3,126.48,74.86,0.03,Completed,Online
999,500644,2025-02-12,3,9,2,50.06,19.64,0,Completed,Online
1000,500640,2025-02-13,51,3,1,354.36,246.97,0.05,Completed,Marketplace
1001,500601,2025-02-14,60,12,1,25.86,11.57,0,Completed,Retail Store
1002,500635,2025-02-14,56,5,1,83.39,38.59,0.03,Completed,Retail Store
1003,500608,2025-02-15,2,12,1,25.66,11.41,0.03,Completed,Marketplace
1004,500624,2025-02-16,24,12,1,25.36,11.63,0.05,Completed,Retail Store
1005,500624,2025-02-16,24,7,4,398.17,244.38,0,Completed,Retail Store
1006,500641,2025-02-16,62,9,1,48.58,20.17,0,Completed,Marketplace
1007,500641,2025-02-16,62,2,1,242.14,157.83,0.03,Completed,Marketplace
1008,500641,2025-02-16,62,3,1,334.78,249.02,0.05,Completed,Marketplace
1009,500645,2025-02-16,30,10,1,12.71,5.24,0.05,Completed,Retail Store
1010,500613,2025-02-17,59,4,3,28.61,11.51,0,Completed,Online
1011,500605,2025-02-18,45,9,1,50.22,19.63,0,Completed,Online
1012,500618,2025-02-18,45,6,1,120.35,73.95,0.1,Completed,Online
1013,500630,2025-02-18,44,8,1,263.07,164.13,0.1,Completed,Retail Store
1014,500606,2025-02-20,6,1,3,754.88,565.66,0.05,Completed,Retail Store
1015,500607,2025-02-20,31,4,1,27.44,11.66,0,Completed,Online
1016,500607,2025-02-20,31,3,1,346.42,249.56,0,Completed,Online
1017,500623,2025-02-20,51,10,2,12.96,5.2,0,Completed,Marketplace
1018,500625,2025-02-21,64,4,2,27.73,11.64,0.05,Completed,Online
1019,500626,2025-02-21,24,1,1,741.21,567.03,0,Completed,Online
1020,500626,2025-02-21,24,11,2,16.67,7.35,0.1,Completed,Online
1021,500611,2025-02-22,10,7,1,378.51,248.15,0.05,Completed,Online
1022,500627,2025-02-22,62,12,1,24.24,11.4,0,Completed,Online
1023,500634,2025-02-22,40,12,2,24.99,11.57,0.03,Cancelled,Online
1024,500632,2025-02-23,59,7,1,393.1,244.62,0.03,Completed,Online
1025,500632,2025-02-23,59,1,2,766.47,565.98,0,Completed,Online
1026,500633,2025-02-23,14,1,1,773.91,575.9,0,Completed,Online
1027,500633,2025-02-23,14,6,1,127.42,73.23,0,Completed,Online
1028,500643,2025-02-23,27,8,2,277.14,160.26,0,Completed,Online
1029,500643,2025-02-23,27,1,1,740.24,562.38,0,Completed,Online
1030,500620,2025-02-24,6,8,1,263.21,164.72,0,Completed,Online
1031,500620,2025-02-24,6,6,3,126.56,72.87,0.03,Completed,Online
1032,500620,2025-02-24,6,3,1,343.86,246.46,0.1,Completed,Online
1033,500638,2025-02-24,55,1,1,746.0,573.15,0.05,Completed,Retail Store
1034,500646,2025-02-24,14,6,2,121.59,74.87,0.03,Cancelled,Retail Store
1035,500646,2025-02-24,14,8,1,267.52,160.93,0,Cancelled,Retail Store
1036,500603,2025-02-25,64,5,2,81.04,38.85,0.03,Completed,Online
1037,500609,2025-02-28,28,11,2,16.52,7.25,0,Completed,Marketplace
1038,500609,2025-02-28,28,10,1,12.54,5.21,0,Completed,Marketplace
1039,500617,2025-02-28,52,11,3,16.22,7.23,0,Completed,Online
1040,500642,2025-02-28,12,11,1,16.36,7.33,0.05,Completed,Online
1041,500642,2025-02-28,12,12,1,24.31,11.63,0,Completed,Online
1042,500685,2025-03-01,29,7,3,394.99,249.07,0,Completed,Retail Store
1043,500649,2025-03-02,15,11,1,16.92,7.3,0,Completed,Online
1044,500686,2025-03-02,33,7,1,373.75,249.63,0,Completed,Online
1045,500686,2025-03-02,33,10,3,12.94,5.3,0,Completed,Online
1046,500654,2025-03-03,30,9,1,51.14,19.69,0,Completed,Online
1047,500670,2025-03-03,35,9,1,50.88,20.03,0,Completed,Online
1048,500670,2025-03-03,35,8,2,274.05,160.98,0,Completed,Online
1049,500670,2025-03-03,35,6,1,120.35,73.82,0.1,Completed,Online
1050,500657,2025-03-05,29,2,1,238.09,159.15,0,Completed,Online
1051,500667,2025-03-06,29,1,1,749.48,561.2,0,Completed,Marketplace
1052,500675,2025-03-06,34,12,2,24.85,11.35,0,Completed,Retail Store
1053,500675,2025-03-06,34,4,1,29.13,11.31,0.05,Completed,Retail Store
1054,500656,2025-03-07,64,6,1,124.25,74.88,0,Completed,Online
1055,500656,2025-03-07,64,9,3,49.33,19.98,0,Completed,Online
1056,500658,2025-03-07,44,10,1,12.89,5.26,0,Completed,Marketplace
1057,500658,2025-03-07,44,8,1,268.17,162.25,0.1,Completed,Marketplace
1058,500655,2025-03-09,36,11,2,17.01,7.25,0.05,Completed,Online
1059,500692,2025-03-09,19,12,2,25.82,11.47,0.1,Completed,Retail Store
1060,500665,2025-03-10,17,9,2,50.54,19.53,0.15,Completed,Retail Store
1061,500665,2025-03-10,17,10,1,12.19,5.22,0.1,Completed,Retail Store
1062,500666,2025-03-10,60,8,1,267.18,164.01,0.1,Completed,Retail Store
1063,500666,2025-03-10,60,1,1,787.53,575.99,0.03,Completed,Retail Store
1064,500687,2025-03-10,60,2,2,232.6,159.81,0.1,Completed,Online
1065,500693,2025-03-10,47,4,1,27.31,11.36,0.1,Completed,Retail Store
1066,500693,2025-03-10,47,2,1,234.07,158.88,0,Completed,Retail Store
1067,500673,2025-03-12,56,9,2,50.8,19.91,0,Completed,Marketplace
1068,500673,2025-03-12,56,8,1,271.51,162.66,0.05,Completed,Marketplace
1069,500673,2025-03-12,56,5,3,80.41,39.01,0.1,Completed,Marketplace
1070,500671,2025-03-13,49,10,1,12.56,5.26,0,Completed,Retail Store
1071,500677,2025-03-13,34,10,2,12.86,5.2,0,Cancelled,Retail Store
1072,500677,2025-03-13,34,5,1,80.66,39.13,0,Cancelled,Retail Store
1073,500677,2025-03-13,34,3,1,347.66,246.22,0.1,Cancelled,Retail Store
1074,500678,2025-03-13,39,7,1,383.03,249.35,0,Completed,Online
1075,500678,2025-03-13,39,6,1,126.09,74.08,0,Completed,Online
1076,500689,2025-03-13,48,8,4,269.8,163.27,0,Completed,Marketplace
1077,500663,2025-03-14,60,6,2,120.76,73.29,0.15,Completed,Online
1078,500663,2025-03-14,60,1,1,768.17,575.8,0.05,Completed,Online
1079,500682,2025-03-14,2,3,1,347.25,250.77,0,Completed,Retail Store
1080,500682,2025-03-14,2,9,1,48.44,20.13,0,Completed,Retail Store
1081,500682,2025-03-14,2,6,1,127.02,74.34,0,Completed,Retail Store
1082,500688,2025-03-14,45,9,1,49.29,20.11,0,Completed,Retail Store
1083,500688,2025-03-14,45,4,1,28.64,11.39,0.03,Completed,Retail Store
1084,500688,2025-03-14,45,12,1,25.1,11.65,0,Completed,Retail Store
1085,500651,2025-03-15,10,10,1,12.9,5.19,0,Completed,Online
1086,500651,2025-03-15,10,1,1,744.84,564.01,0.15,Completed,Online
1087,500651,2025-03-15,10,12,3,25.66,11.44,0.1,Completed,Online
1088,500672,2025-03-16,29,4,2,28.79,11.41,0,Completed,Retail Store
1089,500672,2025-03-16,29,8,1,265.8,163.77,0,Completed,Retail Store
1090,500674,2025-03-16,24,3,2,340.21,252.83,0.03,Completed,Retail Store
1091,500674,2025-03-16,24,10,1,12.3,5.17,0,Completed,Retail Store
1092,500660,2025-03-17,58,2,1,240.66,159.44,0,Completed,Retail Store
1093,500660,2025-03-17,58,6,1,123.87,73.86,0.15,Completed,Retail Store
1094,500660,2025-03-17,58,9,1,49.15,19.84,0,Completed,Retail Store
1095,500680,2025-03-19,46,8,1,270.31,162.21,0,Cancelled,Marketplace
1096,500680,2025-03-19,46,6,1,122.62,74.72,0,Cancelled,Marketplace
1097,500647,2025-03-20,40,1,1,757.08,563.85,0,Completed,Online
1098,500648,2025-03-20,65,7,1,396.21,246.6,0,Completed,Marketplace
1099,500652,2025-03-20,60,10,2,12.54,5.26,0.03,Completed,Online
1100,500652,2025-03-20,60,1,1,783.12,577.07,0,Completed,Online
1101,500662,2025-03-21,29,5,1,80.95,39.17,0.15,Completed,Marketplace
1102,500662,2025-03-21,29,10,1,12.83,5.19,0,Completed,Marketplace
1103,500691,2025-03-21,6,2,1,238.32,157.34,0.03,Cancelled,Retail Store
1104,500650,2025-03-23,39,5,1,81.93,38.04,0.03,Completed,Marketplace
1105,500669,2025-03-23,54,6,2,126.93,73.54,0,Completed,Online
1106,500669,2025-03-23,54,9,1,50.64,20.02,0.03,Completed,Online
1107,500664,2025-03-24,40,6,1,122.42,74.87,0,Completed,Online
1108,500664,2025-03-24,40,1,1,753.31,566.81,0,Completed,Online
1109,500664,2025-03-24,40,10,1,12.38,5.14,0,Completed,Online
1110,500661,2025-03-25,22,3,1,334.26,248.21,0.05,Completed,Online
1111,500661,2025-03-25,22,6,1,122.92,73.24,0.05,Completed,Online
1112,500661,2025-03-25,22,4,1,28.66,11.47,0.05,Completed,Online
1113,500653,2025-03-26,38,11,1,17.13,7.28,0.1,Cancelled,Marketplace
1114,500653,2025-03-26,38,2,2,243.83,158.49,0,Cancelled,Marketplace
1115,500676,2025-03-26,11,1,1,773.68,572.94,0,Cancelled,Online
1116,500684,2025-03-26,55,7,1,383.44,247.7,0.1,Completed,Marketplace
1117,500695,2025-03-26,42,3,1,352.02,250.2,0.03,Completed,Online
1118,500659,2025-03-27,26,10,2,12.48,5.18,0,Completed,Online
1119,500659,2025-03-27,26,4,2,27.45,11.57,0.03,Completed,Online
1120,500659,2025-03-27,26,7,2,382.01,242.69,0.03,Completed,Online
1121,500683,2025-03-27,62,11,1,16.35,7.24,0.1,Completed,Online
1122,500683,2025-03-27,62,12,1,24.57,11.37,0.05,Completed,Online
1123,500681,2025-03-28,21,7,3,387.06,245.01,0.05,Completed,Online
1124,500668,2025-03-29,3,7,2,375.28,245.1,0,Completed,Online
1125,500668,2025-03-29,3,4,2,27.29,11.38,0.03,Completed,Online
1126,500668,2025-03-29,3,8,3,268.47,162.15,0,Completed,Online
1127,500694,2025-03-30,33,1,1,772.97,563.84,0,Completed,Online
1128,500679,2025-03-31,24,12,1,24.87,11.51,0,Completed,Online
1129,500679,2025-03-31,24,8,1,267.6,162.56,0.1,Completed,Online
1130,500690,2025-03-31,33,8,4,277.21,162.06,0.1,Completed,Online
1131,500716,2025-04-01,32,7,1,377.48,245.55,0.1,Completed,Online
1132,500716,2025-04-01,32,1,1,744.41,568.14,0,Completed,Online
1133,500716,2025-04-01,32,11,1,16.6,7.36,0,Completed,Online
1134,500740,2025-04-02,46,9,2,48.88,19.96,0.03,Completed,Online
1135,500740,2025-04-02,46,7,1,377.91,246.99,0,Completed,Online
1136,500703,2025-04-03,26,12,1,25.65,11.57,0,Completed,Online
1137,500711,2025-04-03,57,1,1,778.01,566.65,0.1,Completed,Online
1138,500711,2025-04-03,57,2,2,242.55,158.35,0,Completed,Online
1139,500711,2025-04-03,57,8,4,265.9,160.7,0.1,Completed,Online
1140,500714,2025-04-03,41,9,2,50.76,19.98,0,Completed,Retail Store
1141,500714,2025-04-03,41,6,2,122.62,74.52,0,Completed,Retail Store
1142,500714,2025-04-03,41,8,1,270.19,164.59,0,Completed,Retail Store
1143,500715,2025-04-03,55,3,2,347.04,252.0,0.05,Completed,Retail Store
1144,500715,2025-04-03,55,1,3,786.64,575.52,0,Completed,Retail Store
1145,500715,2025-04-03,55,11,1,17.29,7.25,0,Completed,Retail Store
1146,500717,2025-04-03,24,12,2,25.48,11.64,0.1,Completed,Marketplace
1147,500705,2025-04-06,17,8,1,267.2,164.99,0,Completed,Marketplace
1148,500733,2025-04-06,7,3,2,333.11,245.42,0.15,Cancelled,Retail Store
1149,500744,2025-04-06,37,10,2,12.61,5.14,0.1,Completed,Online
1150,500697,2025-04-07,49,10,1,12.47,5.24,0.05,Completed,Online
1151,500727,2025-04-07,17,7,1,390.77,247.46,0,Completed,Retail Store
1152,500741,2025-04-07,61,12,2,24.87,11.52,0.1,Completed,Retail Store
1153,500712,2025-04-08,30,8,1,274.62,161.6,0.03,Completed,Online
1154,500739,2025-04-08,61,12,2,25.93,11.67,0.05,Completed,Retail Store
1155,500739,2025-04-08,61,11,1,16.57,7.39,0.03,Completed,Retail Store
1156,500726,2025-04-09,29,6,1,125.42,74.04,0.05,Completed,Online
1157,500726,2025-04-09,29,3,1,353.94,245.24,0,Completed,Online
1158,500742,2025-04-09,23,6,2,122.8,73.59,0,Cancelled,Online
1159,500742,2025-04-09,23,10,1,12.16,5.15,0,Cancelled,Online
1160,500742,2025-04-09,23,12,1,25.4,11.3,0.15,Cancelled,Online
1161,500702,2025-04-10,1,11,1,17.07,7.36,0,Completed,Retail Store
1162,500701,2025-04-11,60,3,1,344.39,251.13,0,Completed,Online
1163,500707,2025-04-11,56,8,1,275.76,165.72,0,Cancelled,Online
1164,500707,2025-04-11,56,5,1,79.88,38.19,0.1,Cancelled,Online
1165,500743,2025-04-12,19,8,2,270.18,163.79,0,Completed,Marketplace
1166,500731,2025-04-13,48,10,2,12.81,5.19,0,Completed,Marketplace
1167,500731,2025-04-13,48,6,1,124.03,74.65,0.05,Completed,Marketplace
1168,500729,2025-04-15,15,8,1,272.2,162.96,0,Completed,Retail Store
1169,500700,2025-04-17,4,12,1,24.4,11.44,0,Completed,Retail Store
1170,500700,2025-04-17,4,5,1,83.11,39.24,0,Completed,Retail Store
1171,500706,2025-04-17,35,8,1,264.57,165.67,0,Completed,Online
1172,500706,2025-04-17,35,3,2,354.9,251.87,0.1,Completed,Online
1173,500710,2025-04-17,57,7,1,398.54,243.62,0.05,Completed,Retail Store
1174,500710,2025-04-17,57,12,1,24.37,11.68,0,Completed,Retail Store
1175,500725,2025-04-17,22,3,1,350.17,252.3,0,Completed,Online
1176,500725,2025-04-17,22,12,1,25.64,11.64,0,Completed,Online
1177,500728,2025-04-19,46,12,2,25.32,11.67,0.03,Completed,Online
1178,500704,2025-04-20,61,2,1,231.16,157.37,0.03,Completed,Online
1179,500704,2025-04-20,61,12,1,24.9,11.66,0.05,Completed,Online
1180,500718,2025-04-20,1,1,1,761.48,567.21,0,Completed,Online
1181,500718,2025-04-20,1,7,1,375.64,242.1,0.15,Completed,Online
1182,500723,2025-04-20,44,2,1,232.19,162.57,0,Cancelled,Online
1183,500723,2025-04-20,44,3,3,344.03,245.53,0,Cancelled,Online
1184,500730,2025-04-20,43,9,2,48.49,19.55,0,Completed,Retail Store
1185,500730,2025-04-20,43,1,1,775.16,562.94,0,Completed,Retail Store
1186,500709,2025-04-21,16,4,1,28.57,11.57,0.05,Completed,Online
1187,500709,2025-04-21,16,9,3,50.88,20.05,0,Completed,Online
1188,500721,2025-04-21,35,9,1,48.72,19.7,0,Completed,Marketplace
1189,500736,2025-04-21,1,8,1,271.0,165.63,0.1,Completed,Retail Store
1190,500736,2025-04-21,1,2,1,239.96,159.72,0.05,Completed,Retail Store
1191,500746,2025-04-21,35,12,1,24.33,11.58,0.1,Completed,Retail Store
1192,500746,2025-04-21,35,1,1,742.08,572.91,0,Completed,Retail Store
1193,500708,2025-04-22,45,12,1,25.9,11.34,0,Completed,Online
1194,500720,2025-04-23,31,7,1,386.71,244.83,0,Cancelled,Online
1195,500720,2025-04-23,31,2,1,234.09,159.26,0,Cancelled,Online
1196,500732,2025-04-24,18,9,2,51.16,19.92,0,Completed,Retail Store
1197,500735,2025-04-24,42,9,1,51.83,19.89,0.05,Completed,Online
1198,500745,2025-04-25,36,10,1,12.4,5.13,0,Completed,Retail Store
1199,500698,2025-04-26,50,5,1,81.4,38.18,0,Cancelled,Online
1200,500713,2025-04-26,52,7,2,394.78,248.11,0,Completed,Online
1201,500713,2025-04-26,52,11,1,16.35,7.33,0,Completed,Online
1202,500719,2025-04-26,28,1,1,764.05,569.18,0.03,Cancelled,Online
1203,500696,2025-04-27,57,2,1,245.13,159.02,0,Completed,Online
1204,500696,2025-04-27,57,5,1,83.93,38.87,0,Completed,Online
1205,500696,2025-04-27,57,6,1,127.0,74.91,0.05,Completed,Online
1206,500699,2025-04-27,63,8,3,261.8,160.49,0,Completed,Marketplace
1207,500699,2025-04-27,63,5,2,81.21,38.01,0.03,Completed,Marketplace
1208,500724,2025-04-27,58,10,1,12.51,5.25,0.03,Completed,Retail Store
1209,500724,2025-04-27,58,1,1,776.79,562.87,0.03,Completed,Retail Store
1210,500737,2025-04-28,53,11,1,16.32,7.37,0,Cancelled,Online
1211,500737,2025-04-28,53,10,1,12.92,5.28,0,Cancelled,Online
1212,500734,2025-04-29,27,7,1,383.97,247.52,0.03,Completed,Marketplace
1213,500734,2025-04-29,27,2,1,236.51,159.21,0,Completed,Marketplace
1214,500722,2025-04-30,34,1,1,761.39,562.58,0,Completed,Online
1215,500738,2025-04-30,37,5,1,80.76,38.2,0.05,Completed,Retail Store
1216,500738,2025-04-30,37,7,1,397.16,245.06,0.05,Completed,Retail Store
1217,500756,2025-05-01,58,8,1,266.7,162.66,0.03,Completed,Online
1218,500768,2025-05-01,27,3,1,353.96,252.72,0.03,Completed,Online
1219,500787,2025-05-01,52,12,1,25.57,11.68,0,Completed,Online
1220,500795,2025-05-01,27,9,1,51.4,20.0,0.05,Completed,Online
1221,500795,2025-05-01,27,11,1,16.58,7.22,0,Completed,Online
1222,500748,2025-05-02,44,5,1,82.07,39.19,0,Completed,Online
1223,500748,2025-05-02,44,7,1,390.44,248.62,0.03,Completed,Online
1224,500767,2025-05-02,42,2,1,237.2,159.84,0.03,Completed,Online
1225,500791,2025-05-03,4,5,1,84.35,39.17,0,Completed,Online
1226,500763,2025-05-04,33,7,2,388.4,241.42,0,Completed,Marketplace
1227,500769,2025-05-04,10,12,1,24.52,11.63,0,Completed,Online
1228,500798,2025-05-04,3,1,3,783.75,575.68,0,Completed,Retail Store
1229,500758,2025-05-05,35,4,2,27.95,11.31,0,Completed,Marketplace
1230,500758,2025-05-05,35,7,1,373.42,249.01,0.1,Completed,Marketplace
1231,500758,2025-05-05,35,6,2,121.31,74.99,0,Completed,Marketplace
1232,500788,2025-05-05,21,5,1,83.92,38.17,0.1,Completed,Retail Store
1233,500788,2025-05-05,21,10,2,12.44,5.16,0.1,Completed,Retail Store
1234,500788,2025-05-05,21,1,3,769.15,562.76,0,Completed,Retail Store
1235,500782,2025-05-06,15,3,1,334.95,249.99,0.05,Completed,Online
1236,500747,2025-05-07,13,10,1,12.54,5.28,0.1,Completed,Online
1237,500747,2025-05-07,13,2,1,234.33,159.48,0,Completed,Online
1238,500747,2025-05-07,13,1,2,753.23,571.23,0.05,Completed,Online
1239,500751,2025-05-07,11,5,2,83.86,38.66,0,Completed,Online
1240,500761,2025-05-07,62,10,2,12.65,5.25,0,Completed,Online
1241,500761,2025-05-07,62,6,3,123.32,73.75,0.05,Completed,Online
1242,500753,2025-05-09,17,6,1,123.2,75.08,0.1,Completed,Online
1243,500753,2025-05-09,17,12,1,25.61,11.52,0,Completed,Online
1244,500778,2025-05-09,29,9,3,51.78,19.91,0.03,Completed,Online
1245,500778,2025-05-09,29,12,1,24.4,11.42,0,Completed,Online
1246,500760,2025-05-10,22,8,1,269.84,164.83,0,Completed,Retail Store
1247,500760,2025-05-10,22,9,3,50.76,19.94,0.03,Completed,Retail Store
1248,500786,2025-05-10,25,6,1,125.15,73.05,0.05,Completed,Online
1249,500786,2025-05-10,25,11,1,17.23,7.24,0.03,Completed,Online
1250,500762,2025-05-12,33,1,2,739.4,561.37,0,Completed,Online
1251,500749,2025-05-13,20,3,3,350.37,247.59,0,Completed,Retail Store
1252,500749,2025-05-13,20,6,1,125.86,74.79,0.05,Completed,Retail Store
1253,500781,2025-05-13,14,5,2,82.74,38.83,0.1,Completed,Retail Store
1254,500781,2025-05-13,14,2,1,234.49,158.71,0.05,Completed,Retail Store
1255,500789,2025-05-16,13,6,2,125.92,75.35,0.1,Completed,Retail Store
1256,500793,2025-05-17,24,10,3,12.22,5.31,0,Completed,Marketplace
1257,500793,2025-05-17,24,11,1,16.34,7.29,0,Completed,Marketplace
1258,500792,2025-05-18,48,7,4,396.54,243.86,0.03,Completed,Retail Store
1259,500774,2025-05-19,8,9,1,50.45,19.67,0.1,Completed,Online
1260,500799,2025-05-19,33,1,2,774.42,575.65,0,Completed,Online
1261,500799,2025-05-19,33,4,2,28.7,11.49,0,Completed,Online
1262,500757,2025-05-20,30,6,2,120.89,74.58,0.03,Completed,Retail Store
1263,500757,2025-05-20,30,11,2,16.53,7.29,0,Completed,Retail Store
1264,500754,2025-05-21,21,12,3,25.44,11.3,0,Completed,Retail Store
1265,500759,2025-05-21,52,2,2,243.0,160.66,0.05,Completed,Online
1266,500759,2025-05-21,52,1,1,782.74,574.42,0,Completed,Online
1267,500759,2025-05-21,52,3,2,340.31,247.44,0.15,Completed,Online
1268,500796,2025-05-21,7,6,3,122.21,75.32,0,Completed,Online
1269,500752,2025-05-22,58,10,1,12.89,5.14,0,Completed,Online
1270,500752,2025-05-22,58,12,2,25.3,11.41,0,Completed,Online
1271,500765,2025-05-22,15,8,2,277.44,165.64,0.1,Completed,Online
1272,500765,2025-05-22,15,3,2,354.41,246.1,0.03,Completed,Online
1273,500771,2025-05-22,51,4,3,27.61,11.59,0.1,Completed,Retail Store
1274,500771,2025-05-22,51,8,1,269.7,162.06,0,Completed,Retail Store
1275,500750,2025-05-23,27,4,1,28.86,11.55,0,Completed,Marketplace
1276,500775,2025-05-23,47,3,1,355.04,250.46,0,Completed,Retail Store
1277,500797,2025-05-23,44,11,2,17.05,7.4,0,Completed,Online
1278,500797,2025-05-23,44,1,2,783.52,559.78,0,Completed,Online
1279,500797,2025-05-23,44,3,1,346.48,249.82,0.05,Completed,Online
1280,500777,2025-05-24,47,7,1,387.09,242.23,0,Completed,Online
1281,500777,2025-05-24,47,5,2,81.8,39.31,0,Completed,Online
1282,500779,2025-05-25,7,10,1,12.3,5.18,0.05,Cancelled,Retail Store
1283,500779,2025-05-25,7,4,1,27.99,11.4,0.15,Cancelled,Retail Store
1284,500785,2025-05-25,39,4,1,28.86,11.37,0.03,Completed,Online
1285,500794,2025-05-25,52,5,2,83.24,38.93,0.03,Completed,Retail Store
1286,500772,2025-05-26,16,5,3,79.72,38.88,0.03,Completed,Online
1287,500772,2025-05-26,16,3,2,350.47,248.99,0.03,Completed,Online
1288,500776,2025-05-26,24,7,3,397.73,241.24,0,Completed,Online
1289,500780,2025-05-26,58,12,4,25.25,11.37,0,Completed,Retail Store
1290,500766,2025-05-28,63,11,1,16.2,7.22,0.03,Completed,Online
1291,500766,2025-05-28,63,12,1,24.7,11.33,0.03,Completed,Online
1292,500766,2025-05-28,63,10,1,12.37,5.23,0,Completed,Online
1293,500773,2025-05-28,44,6,1,123.89,75.4,0,Cancelled,Retail Store
1294,500773,2025-05-28,44,2,2,243.86,159.07,0.15,Cancelled,Retail Store
1295,500784,2025-05-29,25,2,2,235.43,158.39,0,Completed,Online
1296,500755,2025-05-30,43,12,1,25.72,11.41,0.03,Completed,Retail Store
1297,500764,2025-05-30,28,3,1,340.28,246.08,0,Completed,Retail Store
1298,500770,2025-05-30,53,6,1,128.2,73.35,0.03,Completed,Online
1299,500770,2025-05-30,53,8,1,268.37,163.13,0,Completed,Online
1300,500770,2025-05-30,53,11,1,16.26,7.26,0,Completed,Online
1301,500790,2025-05-30,5,8,2,278.44,160.28,0,Completed,Online
1302,500790,2025-05-30,5,7,1,374.82,248.3,0,Completed,Online
1303,500783,2025-05-31,57,3,2,339.4,251.71,0,Completed,Online
1304,500800,2025-05-31,53,4,2,29.18,11.43,0,Completed,Online
1305,500823,2025-06-01,57,4,1,28.38,11.64,0.1,Completed,Online
1306,500823,2025-06-01,57,3,1,332.63,247.0,0,Completed,Online
1307,500842,2025-06-01,47,12,1,25.82,11.69,0.1,Completed,Online
1308,500808,2025-06-02,36,1,3,779.07,561.73,0.1,Completed,Retail Store
1309,500815,2025-06-02,58,12,1,24.54,11.59,0,Completed,Retail Store
1310,500825,2025-06-02,50,5,1,79.98,39.25,0.1,Completed,Retail Store
1311,500825,2025-06-02,50,12,2,25.13,11.61,0,Completed,Retail Store
1312,500809,2025-06-03,10,7,3,373.8,241.63,0.03,Completed,Online
1313,500809,2025-06-03,10,12,1,24.52,11.44,0.05,Completed,Online
1314,500847,2025-06-03,3,9,2,51.91,19.57,0.03,Completed,Marketplace
1315,500847,2025-06-03,3,8,1,274.85,161.03,0.03,Completed,Marketplace
1316,500830,2025-06-04,52,4,2,28.54,11.42,0,Completed,Online
1317,500830,2025-06-04,52,1,3,781.57,563.63,0.15,Completed,Online
1318,500853,2025-06-04,15,10,3,12.65,5.25,0,Completed,Online
1319,500853,2025-06-04,15,7,1,382.77,242.65,0,Completed,Online
1320,500853,2025-06-04,15,6,1,128.26,74.71,0,Completed,Online
1321,500824,2025-06-05,38,2,1,247.54,157.98,0,Completed,Marketplace
1322,500838,2025-06-05,60,9,1,49.67,19.65,0.1,Completed,Online
1323,500814,2025-06-06,35,4,1,29.14,11.47,0,Completed,Online
1324,500817,2025-06-06,29,9,1,49.03,19.88,0,Completed,Online
1325,500817,2025-06-06,29,4,1,27.84,11.67,0,Completed,Online
1326,500806,2025-06-07,14,1,2,761.87,570.54,0,Completed,Marketplace
1327,500834,2025-06-07,7,6,2,125.52,74.1,0.15,Completed,Online
1328,500834,2025-06-07,7,4,1,27.85,11.61,0,Completed,Online
1329,500834,2025-06-07,7,8,1,271.13,165.21,0,Completed,Online
1330,500843,2025-06-07,56,10,1,12.43,5.25,0,Completed,Online
1331,500843,2025-06-07,56,6,1,128.04,73.11,0,Completed,Online
1332,500805,2025-06-08,35,8,2,261.78,165.53,0.05,Completed,Marketplace
1333,500811,2025-06-08,37,5,2,82.48,38.5,0,Completed,Retail Store
1334,500811,2025-06-08,37,4,1,28.39,11.38,0.1,Completed,Retail Store
1335,500851,2025-06-08,26,10,2,12.35,5.19,0,Completed,Online
1336,500851,2025-06-08,26,8,2,267.41,161.93,0,Completed,Online
1337,500827,2025-06-09,53,2,2,232.79,159.77,0.05,Completed,Online
1338,500827,2025-06-09,53,8,1,272.04,163.83,0,Completed,Online
1339,500827,2025-06-09,53,5,1,83.94,38.27,0,Completed,Online
1340,500833,2025-06-09,2,2,1,239.14,157.51,0.05,Completed,Retail Store
1341,500813,2025-06-10,54,1,1,784.11,568.78,0.05,Completed,Online
1342,500813,2025-06-10,54,3,1,354.61,245.31,0,Completed,Online
1343,500813,2025-06-10,54,7,1,390.62,248.63,0,Completed,Online
1344,500826,2025-06-10,23,2,1,247.06,157.58,0.03,Completed,Retail Store
1345,500826,2025-06-10,23,5,1,84.86,39.26,0.03,Completed,Retail Store
1346,500829,2025-06-11,3,3,1,336.87,252.16,0,Cancelled,Retail Store
1347,500840,2025-06-11,6,3,1,337.75,249.03,0,Completed,Retail Store
1348,500840,2025-06-11,6,11,2,16.48,7.21,0,Completed,Retail Store
1349,500822,2025-06-12,32,4,1,28.91,11.63,0.1,Completed,Online
1350,500831,2025-06-12,43,5,1,84.11,38.19,0.03,Cancelled,Retail Store
1351,500818,2025-06-13,13,11,3,17.26,7.31,0,Completed,Online
1352,500818,2025-06-13,13,12,4,24.91,11.41,0,Completed,Online
1353,500802,2025-06-14,61,8,1,269.65,162.29,0,Completed,Online
1354,500802,2025-06-14,61,2,1,238.25,160.66,0.05,Completed,Online
1355,500807,2025-06-15,2,11,4,17.23,7.26,0,Completed,Retail Store
1356,500820,2025-06-16,14,4,2,28.41,11.34,0,Completed,Online
1357,500850,2025-06-16,56,12,2,24.63,11.55,0,Completed,Marketplace
1358,500850,2025-06-16,56,1,1,743.8,558.91,0.03,Completed,Marketplace
1359,500850,2025-06-16,56,3,1,335.11,247.42,0.05,Completed,Marketplace
1360,500810,2025-06-17,30,1,1,782.83,564.35,0,Completed,Retail Store
1361,500835,2025-06-17,63,5,3,85.42,38.57,0.05,Completed,Online
1362,500821,2025-06-18,16,4,1,28.24,11.58,0,Completed,Online
1363,500821,2025-06-18,16,3,3,342.57,248.29,0,Completed,Online
1364,500821,2025-06-18,16,10,2,12.64,5.19,0,Completed,Online
1365,500832,2025-06-19,26,7,2,386.76,249.4,0,Completed,Marketplace
1366,500832,2025-06-19,26,8,1,266.94,164.56,0.03,Completed,Marketplace
1367,500846,2025-06-19,33,8,3,279.59,163.01,0.05,Completed,Marketplace
1368,500804,2025-06-21,34,8,3,268.02,165.12,0,Completed,Online
1369,500804,2025-06-21,34,10,3,12.14,5.2,0,Completed,Online
1370,500848,2025-06-22,13,2,1,237.59,159.08,0.15,Completed,Online
1371,500848,2025-06-22,13,7,4,388.03,243.51,0.1,Completed,Online
1372,500803,2025-06-24,13,9,1,49.61,19.62,0,Completed,Retail Store
1373,500839,2025-06-24,38,3,4,347.86,247.99,0,Completed,Online
1374,500839,2025-06-24,38,5,2,80.13,38.36,0.05,Completed,Online
1375,500839,2025-06-24,38,6,1,122.82,73.46,0,Completed,Online
1376,500844,2025-06-24,4,10,1,12.61,5.26,0,Completed,Retail Store
1377,500801,2025-06-25,61,2,2,235.73,160.84,0.03,Cancelled,Marketplace
1378,500801,2025-06-25,61,4,4,27.33,11.48,0.03,Cancelled,Marketplace
1379,500819,2025-06-25,46,2,1,240.19,159.64,0.05,Cancelled,Retail Store
1380,500828,2025-06-25,36,12,1,25.43,11.67,0,Completed,Marketplace
1381,500828,2025-06-25,36,6,1,128.3,74.11,0.03,Completed,Marketplace
1382,500837,2025-06-27,8,12,3,25.52,11.35,0,Completed,Marketplace
1383,500837,2025-06-27,8,9,2,51.9,19.8,0.1,Completed,Marketplace
1384,500845,2025-06-27,11,11,2,16.21,7.25,0.15,Completed,Retail Store
1385,500845,2025-06-27,11,7,2,387.74,248.59,0.05,Completed,Retail Store
1386,500849,2025-06-27,6,12,1,25.31,11.44,0,Completed,Retail Store
1387,500816,2025-06-28,8,12,1,25.29,11.62,0.05,Completed,Online
1388,500816,2025-06-28,8,3,1,346.94,250.75,0.05,Completed,Online
1389,500841,2025-06-28,1,4,1,28.12,11.32,0,Completed,Retail Store
1390,500841,2025-06-28,1,10,1,12.65,5.17,0.03,Completed,Retail Store
1391,500852,2025-06-28,43,10,1,12.8,5.21,0.05,Completed,Marketplace
1392,500812,2025-06-29,10,10,1,12.51,5.27,0.05,Cancelled,Online
1393,500836,2025-06-30,57,10,2,12.57,5.31,0,Completed,Online
1394,500836,2025-06-30,57,3,1,349.7,252.92,0,Completed,Online
1395,500860,2025-07-01,20,3,1,336.14,252.93,0,Completed,Marketplace
1396,500878,2025-07-03,33,2,2,246.96,161.25,0,Completed,Online
1397,500886,2025-07-03,60,9,1,49.5,19.63,0.05,Cancelled,Retail Store
1398,500887,2025-07-03,57,12,1,24.86,11.56,0.03,Completed,Online
1399,500887,2025-07-03,57,1,3,766.81,571.02,0,Completed,Online
1400,500909,2025-07-04,26,4,1,27.38,11.68,0,Completed,Retail Store
1401,500909,2025-07-04,26,7,1,389.23,244.01,0,Completed,Retail Store
1402,500868,2025-07-06,62,9,1,50.08,19.74,0,Completed,Online
1403,500868,2025-07-06,62,11,2,16.91,7.39,0,Completed,Online
1404,500868,2025-07-06,62,1,1,744.24,574.6,0,Completed,Online
1405,500872,2025-07-06,41,6,1,124.65,75.36,0,Completed,Online
1406,500881,2025-07-06,5,9,2,49.55,19.58,0,Completed,Online
1407,500881,2025-07-06,5,7,1,393.08,241.69,0,Completed,Online
1408,500855,2025-07-07,28,4,1,28.63,11.58,0.1,Completed,Retail Store
1409,500855,2025-07-07,28,9,1,51.3,19.62,0,Completed,Retail Store
1410,500870,2025-07-07,60,3,3,353.89,251.64,0,Completed,Online
1411,500870,2025-07-07,60,7,1,377.52,243.31,0.03,Completed,Online
1412,500863,2025-07-08,35,3,1,342.7,249.97,0,Completed,Marketplace
1413,500863,2025-07-08,35,8,1,270.74,163.44,0,Completed,Marketplace
1414,500863,2025-07-08,35,7,1,374.99,241.74,0,Completed,Marketplace
1415,500892,2025-07-08,22,3,1,344.47,246.15,0.03,Completed,Retail Store
1416,500906,2025-07-08,61,4,1,28.34,11.45,0.05,Cancelled,Retail Store
1417,500888,2025-07-09,18,5,1,85.44,39.05,0,Completed,Marketplace
1418,500888,2025-07-09,18,11,1,16.31,7.29,0,Completed,Marketplace
1419,500888,2025-07-09,18,9,1,49.63,20.08,0.05,Completed,Marketplace
1420,500857,2025-07-10,23,8,1,273.71,161.48,0,Completed,Marketplace
1421,500857,2025-07-10,23,1,1,770.14,573.05,0.05,Completed,Marketplace
1422,500882,2025-07-10,29,11,1,16.98,7.4,0.1,Completed,Online
1423,500882,2025-07-10,29,6,1,123.97,74.9,0,Completed,Online
1424,500890,2025-07-10,1,11,1,16.62,7.26,0,Completed,Online
1425,500891,2025-07-10,31,1,2,772.78,570.62,0.03,Completed,Online
1426,500905,2025-07-10,57,5,1,81.63,38.91,0,Completed,Online
1427,500907,2025-07-10,21,9,2,51.59,19.58,0.05,Completed,Retail Store
1428,500907,2025-07-10,21,5,1,84.73,38.65,0,Completed,Retail Store
1429,500907,2025-07-10,21,8,1,274.79,160.42,0,Completed,Retail Store
1430,500865,2025-07-11,56,6,1,121.25,74.71,0,Completed,Retail Store
1431,500865,2025-07-11,56,11,3,17.11,7.24,0,Completed,Retail Store
1432,500865,2025-07-11,56,2,1,243.34,159.03,0.05,Completed,Retail Store
1433,500897,2025-07-12,9,12,2,24.5,11.3,0.1,Completed,Retail Store
1434,500889,2025-07-13,24,5,1,82.8,39.14,0,Completed,Online
1435,500889,2025-07-13,24,4,1,27.56,11.46,0,Completed,Online
1436,500902,2025-07-13,41,11,2,16.16,7.43,0.15,Completed,Online
1437,500902,2025-07-13,41,2,1,237.23,159.69,0.05,Completed,Online
1438,500876,2025-07-14,28,1,1,760.84,561.19,0.1,Completed,Retail Store
1439,500877,2025-07-14,11,3,1,343.47,251.06,0,Completed,Online
1440,500894,2025-07-14,64,12,1,25.23,11.5,0,Completed,Online
1441,500858,2025-07-15,34,5,1,84.57,38.63,0,Completed,Online
1442,500858,2025-07-15,34,8,1,275.27,161.78,0.03,Completed,Online
1443,500859,2025-07-16,54,9,1,49.21,20.15,0,Completed,Online
1444,500898,2025-07-16,43,8,3,273.29,161.99,0.1,Completed,Online
1445,500898,2025-07-16,43,10,1,12.82,5.19,0,Completed,Online
1446,500880,2025-07-17,60,3,2,344.94,251.41,0,Completed,Retail Store
1447,500884,2025-07-17,7,11,1,17.01,7.28,0,Completed,Marketplace
1448,500866,2025-07-18,46,7,3,393.18,246.83,0.05,Completed,Retail Store
1449,500901,2025-07-18,26,6,1,121.75,73.62,0,Completed,Online
1450,500901,2025-07-18,26,8,2,266.88,165.64,0.05,Completed,Online
1451,500873,2025-07-19,25,10,2,12.81,5.3,0,Completed,Online
1452,500873,2025-07-19,25,2,2,240.88,157.18,0.1,Completed,Online
1453,500875,2025-07-20,34,8,1,263.3,163.65,0.03,Completed,Online
1454,500904,2025-07-20,58,8,1,262.31,162.86,0,Completed,Online
1455,500893,2025-07-21,55,7,2,380.04,241.74,0.1,Completed,Online
1456,500893,2025-07-21,55,11,2,17.13,7.44,0,Completed,Online
1457,500895,2025-07-21,61,9,2,50.8,19.62,0,Completed,Online
1458,500896,2025-07-21,11,11,1,16.5,7.38,0.05,Completed,Retail Store
1459,500864,2025-07-23,31,11,1,16.92,7.38,0,Completed,Online
1460,500869,2025-07-23,27,5,2,81.04,38.39,0.03,Completed,Marketplace
1461,500869,2025-07-23,27,1,1,748.69,575.73,0,Completed,Marketplace
1462,500867,2025-07-24,6,11,3,16.58,7.25,0,Completed,Online
1463,500879,2025-07-24,46,5,1,80.62,39.21,0,Cancelled,Online
1464,500879,2025-07-24,46,1,2,779.83,572.84,0,Cancelled,Online
1465,500871,2025-07-25,3,12,1,24.4,11.56,0,Completed,Online
1466,500871,2025-07-25,3,2,1,241.35,160.63,0.1,Completed,Online
1467,500883,2025-07-25,21,6,1,124.35,73.46,0,Completed,Retail Store
1468,500885,2025-07-25,1,8,1,264.38,162.35,0.1,Completed,Online
1469,500885,2025-07-25,1,3,2,349.39,244.4,0,Completed,Online
1470,500903,2025-07-25,9,7,1,398.68,246.24,0,Completed,Retail Store
1471,500903,2025-07-25,9,10,1,12.8,5.28,0.1,Completed,Retail Store
1472,500903,2025-07-25,9,5,2,84.98,38.27,0,Completed,Retail Store
1473,500854,2025-07-28,11,10,1,12.35,5.17,0.03,Completed,Online
1474,500854,2025-07-28,11,11,1,17.15,7.35,0.05,Completed,Online
1475,500854,2025-07-28,11,1,1,762.6,567.33,0,Completed,Online
1476,500861,2025-07-29,40,7,4,391.66,249.61,0,Completed,Online
1477,500861,2025-07-29,40,6,2,123.54,74.6,0,Completed,Online
1478,500861,2025-07-29,40,4,2,28.94,11.52,0,Completed,Online
1479,500874,2025-07-30,46,8,1,264.73,160.66,0.05,Completed,Online
1480,500900,2025-07-30,37,9,3,50.76,19.56,0.1,Completed,Retail Store
1481,500900,2025-07-30,37,5,1,84.52,39.1,0.03,Completed,Retail Store
1482,500900,2025-07-30,37,8,2,275.13,161.42,0,Completed,Retail Store
1483,500908,2025-07-30,49,1,1,741.89,576.46,0,Completed,Online
1484,500908,2025-07-30,49,5,1,82.22,38.42,0,Completed,Online
1485,500856,2025-07-31,18,10,1,12.11,5.15,0,Completed,Retail Store
1486,500862,2025-07-31,30,6,2,128.13,74.37,0,Completed,Online
1487,500862,2025-07-31,30,11,3,16.2,7.29,0,Completed,Online
1488,500862,2025-07-31,30,1,1,739.19,569.08,0.15,Completed,Online
1489,500899,2025-07-31,34,2,2,242.38,160.84,0.1,Completed,Retail Store
1490,500963,2025-08-01,30,3,1,347.76,251.59,0,Completed,Online
1491,500929,2025-08-03,55,6,1,121.34,73.79,0,Completed,Marketplace
1492,500942,2025-08-03,36,6,1,123.48,73.41,0,Completed,Retail Store
1493,500947,2025-08-03,55,10,1,12.61,5.15,0,Completed,Online
1494,500947,2025-08-03,55,12,1,24.62,11.5,0,Completed,Online
1495,500959,2025-08-03,33,9,3,49.78,19.94,0.1,Completed,Online
1496,500959,2025-08-03,33,1,2,780.53,567.81,0.03,Completed,Online
1497,500951,2025-08-04,22,3,1,344.65,250.88,0,Completed,Online
1498,500951,2025-08-04,22,11,2,16.37,7.43,0,Completed,Online
1499,500927,2025-08-05,9,12,2,25.24,11.3,0,Completed,Retail Store
1500,500914,2025-08-06,55,10,1,12.32,5.25,0,Completed,Retail Store
1501,500928,2025-08-06,5,2,1,236.96,157.74,0.15,Completed,Retail Store
1502,500928,2025-08-06,5,8,1,261.52,162.14,0,Completed,Retail Store
1503,500944,2025-08-06,20,7,1,397.4,243.26,0.1,Completed,Marketplace
1504,500944,2025-08-06,20,8,1,275.71,164.59,0.05,Completed,Marketplace
1505,500944,2025-08-06,20,1,2,775.49,558.04,0.03,Completed,Marketplace
1506,500946,2025-08-06,18,4,1,27.83,11.53,0,Completed,Online
1507,500912,2025-08-08,26,1,1,740.99,571.04,0,Completed,Retail Store
1508,500924,2025-08-08,6,9,1,51.08,20.03,0.03,Completed,Retail Store
1509,500924,2025-08-08,6,11,2,16.52,7.29,0,Completed,Retail Store
1510,500945,2025-08-09,27,8,1,276.18,161.87,0.03,Completed,Online
1511,500945,2025-08-09,27,9,2,49.83,19.96,0,Completed,Online
1512,500952,2025-08-09,28,9,3,48.59,19.9,0,Completed,Online
1513,500954,2025-08-09,32,5,1,81.21,38.88,0,Completed,Online
1514,500954,2025-08-09,32,11,2,16.32,7.33,0,Completed,Online
1515,500954,2025-08-09,32,3,2,343.03,245.76,0,Completed,Online
1516,500957,2025-08-09,23,5,2,80.51,38.14,0.1,Cancelled,Online
1517,500961,2025-08-09,2,6,1,127.91,74.53,0.03,Completed,Online
1518,500943,2025-08-10,14,11,1,16.77,7.22,0,Completed,Marketplace
1519,500943,2025-08-10,14,7,1,380.71,243.45,0.1,Completed,Marketplace
1520,500953,2025-08-10,47,1,2,752.49,569.21,0.03,Cancelled,Online
1521,500953,2025-08-10,47,9,2,48.71,19.88,0.03,Cancelled,Online
1522,500953,2025-08-10,47,2,4,247.32,162.32,0,Cancelled,Online
1523,500930,2025-08-11,41,5,1,80.62,37.99,0.05,Completed,Retail Store
1524,500949,2025-08-11,25,1,1,767.79,568.5,0,Completed,Retail Store
1525,500949,2025-08-11,25,9,1,49.74,20.17,0.03,Completed,Retail Store
1526,500960,2025-08-11,15,9,1,51.91,19.85,0.05,Completed,Online
1527,500919,2025-08-13,41,7,1,391.44,246.91,0.1,Completed,Retail Store
1528,500962,2025-08-13,9,10,1,12.75,5.22,0,Completed,Retail Store
1529,500911,2025-08-15,34,9,1,48.85,19.9,0,Completed,Retail Store
1530,500911,2025-08-15,34,2,1,231.96,158.1,0.05,Completed,Retail Store
1531,500956,2025-08-15,43,4,1,28.71,11.39,0,Completed,Retail Store
1532,500925,2025-08-17,51,3,2,355.39,249.84,0,Completed,Online
1533,500940,2025-08-17,10,2,1,246.03,160.26,0,Completed,Online
1534,500940,2025-08-17,10,6,1,122.89,74.72,0,Completed,Online
1535,500964,2025-08-17,8,2,2,236.47,158.92,0,Cancelled,Marketplace
1536,500964,2025-08-17,8,7,1,397.71,246.11,0.15,Cancelled,Marketplace
1537,500920,2025-08-18,19,5,1,82.95,38.45,0,Cancelled,Marketplace
1538,500920,2025-08-18,19,7,2,396.16,242.21,0.1,Cancelled,Marketplace
1539,500935,2025-08-18,33,2,1,243.71,157.07,0,Completed,Online
1540,500923,2025-08-20,30,7,1,377.11,243.51,0,Completed,Retail Store
1541,500923,2025-08-20,30,4,3,28.34,11.41,0,Completed,Retail Store
1542,500965,2025-08-21,11,4,1,28.59,11.32,0,Completed,Online
1543,500921,2025-08-22,5,2,3,240.83,157.86,0.1,Completed,Retail Store
1544,500921,2025-08-22,5,1,2,774.06,573.15,0.03,Completed,Retail Store
1545,500933,2025-08-22,10,9,1,51.84,19.89,0,Completed,Online
1546,500933,2025-08-22,10,8,2,270.74,162.57,0,Completed,Online
1547,500933,2025-08-22,10,2,1,243.34,160.66,0,Completed,Online
1548,500913,2025-08-23,65,10,1,12.34,5.31,0.1,Completed,Online
1549,500926,2025-08-23,26,8,1,277.15,160.81,0,Completed,Online
1550,500938,2025-08-23,31,4,2,28.82,11.63,0.05,Completed,Online
1551,500938,2025-08-23,31,2,1,232.99,157.46,0.05,Completed,Online
1552,500955,2025-08-23,9,5,3,80.85,39.28,0,Completed,Online
1553,500955,2025-08-23,9,8,1,278.53,165.4,0.03,Completed,Online
1554,500910,2025-08-24,23,10,1,12.46,5.19,0.1,Completed,Online
1555,500915,2025-08-24,64,7,4,388.43,248.25,0.05,Completed,Online
1556,500915,2025-08-24,64,5,1,84.36,38.47,0,Completed,Online
1557,500922,2025-08-24,12,12,2,24.93,11.69,0.1,Completed,Retail Store
1558,500932,2025-08-24,21,10,1,12.12,5.13,0.03,Completed,Marketplace
1559,500932,2025-08-24,21,7,1,375.56,245.81,0.05,Completed,Marketplace
1560,500934,2025-08-24,57,9,2,50.43,19.83,0,Completed,Retail Store
1561,500939,2025-08-25,24,5,1,84.04,39.2,0.1,Completed,Retail Store
1562,500939,2025-08-25,24,2,4,231.15,159.81,0,Completed,Retail Store
1563,500948,2025-08-25,17,9,2,50.64,19.84,0.05,Completed,Online
1564,500917,2025-08-27,12,6,2,126.59,73.43,0.03,Completed,Online
1565,500937,2025-08-27,47,11,1,17.09,7.32,0,Completed,Marketplace
1566,500950,2025-08-27,16,2,2,236.82,160.38,0,Completed,Marketplace
1567,500958,2025-08-27,48,10,2,12.96,5.23,0.03,Completed,Online
1568,500958,2025-08-27,48,3,1,348.42,247.11,0,Completed,Online
1569,500966,2025-08-27,25,12,1,24.25,11.57,0.03,Completed,Online
1570,500931,2025-08-28,57,8,1,261.56,163.45,0,Completed,Online
1571,500941,2025-08-28,20,10,2,12.91,5.2,0,Completed,Online
1572,500941,2025-08-28,20,6,2,126.68,73.62,0,Completed,Online
1573,500941,2025-08-28,20,9,2,51.21,19.96,0.1,Completed,Online
1574,500918,2025-08-29,16,2,1,239.22,162.17,0.1,Completed,Online
1575,500916,2025-08-31,59,1,2,750.2,564.47,0,Completed,Retail Store
1576,500916,2025-08-31,59,12,2,25.64,11.49,0.15,Completed,Retail Store
1577,500916,2025-08-31,59,10,1,12.79,5.2,0,Completed,Retail Store
1578,500936,2025-08-31,47,5,1,83.42,38.48,0,Completed,Retail Store
1579,500972,2025-09-01,28,7,2,378.71,248.29,0.1,Completed,Online
1580,501016,2025-09-02,39,11,2,17.19,7.25,0,Completed,Retail Store
1581,500986,2025-09-03,24,5,1,80.51,38.14,0,Completed,Retail Store
1582,500986,2025-09-03,24,12,1,24.82,11.69,0,Completed,Retail Store
1583,500994,2025-09-05,54,9,1,50.01,20.11,0.05,Completed,Online
1584,501019,2025-09-05,65,12,1,25.68,11.64,0,Completed,Online
1585,501019,2025-09-05,65,5,4,84.34,38.88,0.1,Completed,Online
1586,501019,2025-09-05,65,6,1,126.76,73.34,0,Completed,Online
1587,500973,2025-09-07,30,10,3,12.22,5.2,0,Completed,Marketplace
1588,500973,2025-09-07,30,1,2,762.65,558.0,0.15,Completed,Marketplace
1589,500973,2025-09-07,30,9,1,49.78,19.94,0.1,Completed,Marketplace
1590,500998,2025-09-07,20,12,2,24.62,11.62,0,Completed,Retail Store
1591,500998,2025-09-07,20,8,2,268.71,160.51,0,Completed,Retail Store
1592,500999,2025-09-07,16,11,3,16.32,7.33,0.05,Completed,Retail Store
1593,501008,2025-09-07,57,11,2,16.33,7.37,0.05,Completed,Retail Store
1594,501017,2025-09-07,45,3,2,349.52,245.88,0,Completed,Online
1595,501017,2025-09-07,45,8,2,265.22,161.56,0,Completed,Online
1596,501017,2025-09-07,45,11,2,16.27,7.39,0,Completed,Online
1597,500982,2025-09-08,33,4,1,28.47,11.45,0.03,Completed,Marketplace
1598,500982,2025-09-08,33,9,1,50.09,19.73,0,Completed,Marketplace
1599,501001,2025-09-08,31,7,1,393.42,242.47,0,Completed,Online
1600,500987,2025-09-09,1,1,3,779.66,570.06,0.1,Completed,Online
1601,500987,2025-09-09,1,10,3,12.18,5.29,0,Completed,Online
1602,501014,2025-09-10,35,12,1,24.89,11.37,0.05,Completed,Online
1603,501014,2025-09-10,35,5,2,80.82,38.3,0.15,Completed,Online
1604,500971,2025-09-11,31,6,1,127.19,73.16,0.03,Completed,Retail Store
1605,500989,2025-09-11,40,2,1,233.2,162.14,0.05,Completed,Marketplace
1606,500989,2025-09-11,40,1,1,744.43,573.01,0.15,Completed,Marketplace
1607,500995,2025-09-13,11,12,1,25.87,11.67,0.03,Completed,Retail Store
1608,501009,2025-09-13,27,12,2,24.25,11.51,0.03,Completed,Online
1609,501018,2025-09-13,35,9,1,50.06,19.83,0,Completed,Online
1610,500967,2025-09-14,49,3,1,339.8,250.41,0,Completed,Marketplace
1611,501015,2025-09-14,40,10,1,12.58,5.17,0,Completed,Retail Store
1612,500984,2025-09-15,57,9,1,49.48,20.09,0,Completed,Retail Store
1613,500984,2025-09-15,57,1,2,784.76,574.9,0.1,Completed,Retail Store
1614,500968,2025-09-17,49,2,1,244.8,158.93,0.05,Completed,Retail Store
1615,500968,2025-09-17,49,4,2,27.76,11.49,0,Completed,Retail Store
1616,500968,2025-09-17,49,1,1,751.27,558.95,0,Completed,Retail Store
1617,500981,2025-09-17,5,9,1,48.68,20.14,0,Completed,Online
1618,501002,2025-09-17,37,10,1,12.51,5.25,0.05,Completed,Online
1619,501002,2025-09-17,37,11,1,16.26,7.36,0.05,Completed,Online
1620,500970,2025-09-18,19,5,3,82.31,39.0,0,Completed,Online
1621,500976,2025-09-18,63,12,3,25.37,11.31,0.05,Completed,Retail Store
1622,500976,2025-09-18,63,6,1,126.38,74.19,0,Completed,Retail Store
1623,500990,2025-09-18,19,5,1,82.29,38.71,0,Cancelled,Online
1624,500975,2025-09-19,47,3,2,354.92,246.38,0.03,Completed,Online
1625,501005,2025-09-20,38,2,1,233.65,161.08,0,Completed,Online
1626,501005,2025-09-20,38,6,2,124.37,74.37,0.1,Completed,Online
1627,501011,2025-09-20,63,5,1,84.37,38.79,0.03,Completed,Retail Store
1628,501011,2025-09-20,63,6,1,120.51,75.38,0,Completed,Retail Store
1629,501012,2025-09-20,47,12,1,24.66,11.37,0,Completed,Online
1630,501012,2025-09-20,47,5,1,80.23,38.2,0.03,Completed,Online
1631,501003,2025-09-21,25,10,1,12.12,5.15,0.15,Completed,Marketplace
1632,501003,2025-09-21,25,8,3,271.56,163.21,0,Completed,Marketplace
1633,501010,2025-09-21,62,2,1,233.28,161.87,0,Completed,Online
1634,501010,2025-09-21,62,8,2,268.59,163.21,0.03,Completed,Online
1635,500988,2025-09-23,24,8,1,267.86,163.82,0,Completed,Retail Store
1636,500988,2025-09-23,24,4,1,28.8,11.45,0.1,Completed,Retail Store
1637,501013,2025-09-23,4,10,1,12.46,5.27,0.05,Completed,Online
1638,501013,2025-09-23,4,12,1,24.52,11.34,0,Completed,Online
1639,500977,2025-09-24,18,12,1,24.97,11.6,0.05,Completed,Online
1640,500980,2025-09-24,41,1,1,768.47,561.12,0,Completed,Online
1641,500983,2025-09-24,1,8,1,262.39,163.74,0,Completed,Retail Store
1642,501006,2025-09-24,9,10,1,12.43,5.24,0.1,Completed,Online
1643,500978,2025-09-25,35,12,2,25.44,11.62,0,Completed,Marketplace
1644,500978,2025-09-25,35,4,1,28.97,11.31,0.1,Completed,Marketplace
1645,501007,2025-09-25,18,7,2,383.85,246.38,0,Completed,Marketplace
1646,500979,2025-09-26,43,6,1,128.68,74.43,0.15,Completed,Online
1647,500991,2025-09-26,21,2,1,236.8,160.44,0.03,Completed,Online
1648,500991,2025-09-26,21,1,1,743.44,576.84,0,Completed,Online
1649,500991,2025-09-26,21,12,2,25.81,11.44,0.05,Completed,Online
1650,500993,2025-09-26,49,3,1,346.06,246.77,0,Completed,Retail Store
1651,501000,2025-09-27,54,7,1,388.55,245.35,0,Completed,Marketplace
1652,500974,2025-09-28,38,2,1,241.84,161.8,0,Completed,Online
1653,500969,2025-09-29,21,12,2,24.55,11.65,0,Completed,Retail Store
1654,500969,2025-09-29,21,9,1,50.39,19.78,0,Completed,Retail Store
1655,500969,2025-09-29,21,11,1,16.44,7.24,0,Completed,Retail Store
1656,500992,2025-09-29,3,10,2,12.97,5.14,0,Completed,Retail Store
1657,500997,2025-09-29,39,11,4,17.3,7.37,0.1,Completed,Marketplace
1658,500997,2025-09-29,39,1,1,754.04,561.0,0,Completed,Marketplace
1659,501004,2025-09-29,54,1,1,768.92,561.36,0,Completed,Online
1660,500985,2025-09-30,30,8,1,275.28,163.09,0,Completed,Online
1661,500996,2025-09-30,2,6,2,123.16,74.95,0.03,Completed,Marketplace
1662,501024,2025-10-01,1,4,1,28.71,11.34,0,Completed,Online
1663,501053,2025-10-01,49,9,1,51.33,19.89,0,Completed,Retail Store
1664,501063,2025-10-01,37,10,1,12.23,5.15,0.1,Completed,Retail Store
1665,501021,2025-10-02,58,3,1,332.65,246.28,0.05,Completed,Retail Store
1666,501021,2025-10-02,58,9,1,50.36,19.61,0.05,Completed,Retail Store
1667,501072,2025-10-02,61,9,1,50.38,19.97,0.05,Completed,Online
1668,501042,2025-10-04,31,11,1,16.93,7.21,0,Cancelled,Marketplace
1669,501042,2025-10-04,31,3,1,333.56,247.18,0.05,Cancelled,Marketplace
1670,501042,2025-10-04,31,6,1,123.08,75.13,0,Cancelled,Marketplace
1671,501067,2025-10-04,25,7,1,382.65,246.77,0.1,Completed,Online
1672,501020,2025-10-05,40,11,2,16.87,7.3,0.05,Completed,Online
1673,501020,2025-10-05,40,7,1,387.05,243.34,0,Completed,Online
1674,501039,2025-10-05,58,7,1,397.1,248.48,0.1,Completed,Online
1675,501039,2025-10-05,58,10,1,12.84,5.24,0,Completed,Online
1676,501023,2025-10-06,12,1,2,784.07,567.76,0,Completed,Retail Store
1677,501058,2025-10-06,47,9,1,50.54,19.96,0.1,Completed,Online
1678,501026,2025-10-07,6,9,2,51.34,19.79,0,Completed,Retail Store
1679,501045,2025-10-07,65,3,1,345.45,246.93,0.03,Completed,Retail Store
1680,501045,2025-10-07,65,5,1,81.02,38.22,0,Completed,Retail Store
1681,501035,2025-10-08,58,9,1,50.79,20.02,0,Completed,Online
1682,501035,2025-10-08,58,5,3,83.94,38.99,0,Completed,Online
1683,501043,2025-10-09,3,9,1,49.3,19.54,0,Completed,Retail Store
1684,501043,2025-10-09,3,1,2,745.73,563.66,0.1,Completed,Retail Store
1685,501036,2025-10-10,26,3,1,355.44,246.02,0,Completed,Retail Store
1686,501040,2025-10-10,43,11,1,16.92,7.28,0,Completed,Marketplace
1687,501040,2025-10-10,43,4,1,28.82,11.53,0.1,Completed,Marketplace
1688,501040,2025-10-10,43,2,2,241.48,159.86,0,Completed,Marketplace
1689,501059,2025-10-10,38,12,1,25.33,11.32,0,Completed,Online
1690,501059,2025-10-10,38,8,1,270.42,160.89,0,Completed,Online
1691,501056,2025-10-11,30,10,1,12.28,5.19,0.03,Completed,Marketplace
1692,501056,2025-10-11,30,11,1,17.23,7.21,0,Completed,Marketplace
1693,501052,2025-10-12,44,1,1,783.76,575.74,0,Completed,Online
1694,501052,2025-10-12,44,12,1,24.77,11.68,0.1,Completed,Online
1695,501055,2025-10-13,42,12,2,25.79,11.65,0,Completed,Retail Store
1696,501055,2025-10-13,42,10,1,12.66,5.29,0.05,Completed,Retail Store
1697,501057,2025-10-13,21,12,1,24.76,11.68,0.03,Completed,Online
1698,501057,2025-10-13,21,1,1,771.94,572.67,0.05,Completed,Online
1699,501025,2025-10-14,43,3,1,345.61,252.29,0,Completed,Marketplace
1700,501025,2025-10-14,43,4,1,29.06,11.57,0.05,Completed,Marketplace
1701,501065,2025-10-14,10,12,4,24.26,11.68,0,Completed,Online
1702,501065,2025-10-14,10,8,3,277.6,165.57,0,Completed,Online
1703,501034,2025-10-15,33,10,1,12.68,5.16,0,Completed,Online
1704,501034,2025-10-15,33,3,3,340.03,251.51,0,Completed,Online
1705,501032,2025-10-16,45,8,1,262.95,161.88,0.03,Completed,Retail Store
1706,501074,2025-10-16,11,11,2,16.17,7.3,0,Completed,Retail Store
1707,501074,2025-10-16,11,9,2,49.29,20.05,0.15,Completed,Retail Store
1708,501041,2025-10-17,36,12,1,25.25,11.66,0,Completed,Retail Store
1709,501041,2025-10-17,36,3,1,344.95,245.49,0,Completed,Retail Store
1710,501041,2025-10-17,36,7,2,375.41,249.13,0.03,Completed,Retail Store
1711,501050,2025-10-17,1,6,1,126.59,74.62,0.15,Completed,Retail Store
1712,501050,2025-10-17,1,4,1,27.95,11.55,0,Completed,Retail Store
1713,501066,2025-10-17,33,2,3,241.29,159.98,0.05,Completed,Online
1714,501068,2025-10-17,24,5,1,80.51,38.79,0,Completed,Retail Store
1715,501073,2025-10-17,65,4,3,27.63,11.48,0.03,Completed,Retail Store
1716,501073,2025-10-17,65,2,1,242.51,162.31,0,Completed,Retail Store
1717,501028,2025-10-18,17,7,1,390.6,241.3,0,Completed,Online
1718,501031,2025-10-18,17,12,2,24.38,11.56,0.1,Completed,Online
1719,501044,2025-10-18,21,5,1,84.47,38.73,0,Completed,Retail Store
1720,501044,2025-10-18,21,7,1,382.58,244.7,0,Completed,Retail Store
1721,501060,2025-10-18,59,7,1,390.05,244.08,0,Completed,Online
1722,501060,2025-10-18,59,3,4,355.45,251.52,0,Completed,Online
1723,501061,2025-10-19,47,5,1,80.58,38.33,0.03,Completed,Marketplace
1724,501029,2025-10-20,10,6,1,120.58,74.86,0,Completed,Retail Store
1725,501054,2025-10-20,56,5,1,80.58,38.41,0.1,Completed,Online
1726,501062,2025-10-20,4,11,2,16.87,7.35,0.15,Completed,Online
1727,501062,2025-10-20,4,4,1,27.4,11.54,0,Completed,Online
1728,501037,2025-10-21,1,12,1,25.52,11.43,0,Completed,Retail Store
1729,501037,2025-10-21,1,5,1,83.53,39.0,0.03,Completed,Retail Store
1730,501049,2025-10-21,17,8,1,262.36,160.72,0,Completed,Marketplace
1731,501049,2025-10-21,17,7,2,384.99,242.39,0.05,Completed,Marketplace
1732,501051,2025-10-21,49,9,2,49.49,20.13,0.05,Completed,Online
1733,501071,2025-10-21,24,3,2,347.56,248.74,0,Completed,Marketplace
1734,501071,2025-10-21,24,2,1,244.13,159.36,0,Completed,Marketplace
1735,501071,2025-10-21,24,8,3,273.04,164.73,0.1,Completed,Marketplace
1736,501069,2025-10-22,57,4,1,28.8,11.65,0,Completed,Retail Store
1737,501064,2025-10-25,19,11,1,17.25,7.28,0,Completed,Online
1738,501033,2025-10-26,2,2,3,247.56,157.07,0,Completed,Online
1739,501033,2025-10-26,2,5,1,83.3,39.01,0,Completed,Online
1740,501033,2025-10-26,2,7,1,396.69,241.68,0.05,Completed,Online
1741,501022,2025-10-27,10,6,2,121.4,74.57,0,Completed,Online
1742,501022,2025-10-27,10,8,2,268.41,160.71,0.05,Completed,Online
1743,501027,2025-10-27,23,8,1,265.49,163.35,0,Completed,Online
1744,501070,2025-10-28,13,1,3,746.75,564.96,0.03,Completed,Retail Store
1745,501070,2025-10-28,13,10,1,12.48,5.26,0,Completed,Retail Store
1746,501038,2025-10-29,11,11,1,17.0,7.27,0.1,Completed,Online
1747,501046,2025-10-29,28,5,1,84.2,38.66,0,Completed,Marketplace
1748,501030,2025-10-30,29,7,1,389.46,247.96,0.05,Completed,Retail Store
1749,501048,2025-10-30,58,2,1,246.7,162.33,0,Completed,Online
1750,501048,2025-10-30,58,5,3,84.12,39.3,0,Completed,Online
1751,501047,2025-10-31,7,3,3,335.91,245.8,0,Completed,Marketplace
1752,501047,2025-10-31,7,8,1,278.78,163.13,0,Completed,Marketplace
1753,501075,2025-11-01,60,12,1,25.8,11.48,0,Completed,Online
1754,501075,2025-11-01,60,9,1,49.6,19.78,0.05,Completed,Online
1755,501126,2025-11-01,54,6,1,123.01,72.92,0.03,Completed,Retail Store
1756,501130,2025-11-01,22,10,2,12.15,5.14,0,Completed,Marketplace
1757,501130,2025-11-01,22,3,2,336.77,248.1,0,Completed,Marketplace
1758,501130,2025-11-01,22,12,2,24.49,11.3,0,Completed,Marketplace
1759,501085,2025-11-02,31,6,1,123.23,75.29,0,Completed,Marketplace
1760,501125,2025-11-03,32,1,1,786.11,565.45,0,Completed,Marketplace
1761,501106,2025-11-04,51,2,1,246.67,159.42,0,Completed,Retail Store
1762,501106,2025-11-04,51,10,3,12.28,5.24,0,Completed,Retail Store
1763,501105,2025-11-05,39,1,1,756.11,568.47,0.15,Completed,Online
1764,501134,2025-11-05,15,8,3,276.59,160.12,0,Cancelled,Retail Store
1765,501134,2025-11-05,15,3,2,347.71,251.24,0.1,Cancelled,Retail Store
1766,501111,2025-11-06,24,9,2,49.24,19.68,0,Cancelled,Online
1767,501118,2025-11-06,50,11,1,16.32,7.4,0.05,Completed,Online
1768,501084,2025-11-07,29,2,1,238.97,160.56,0.1,Completed,Retail Store
1769,501084,2025-11-07,29,7,1,379.2,247.05,0,Completed,Retail Store
1770,501090,2025-11-07,13,6,1,120.88,73.97,0,Completed,Marketplace
1771,501090,2025-11-07,13,10,1,12.9,5.23,0.03,Completed,Marketplace
1772,501077,2025-11-08,58,9,1,51.22,20.01,0,Completed,Retail Store
1773,501077,2025-11-08,58,10,1,12.13,5.31,0,Completed,Retail Store
1774,501083,2025-11-08,48,10,1,12.75,5.26,0,Completed,Retail Store
1775,501083,2025-11-08,48,7,3,381.74,246.63,0,Completed,Retail Store
1776,501115,2025-11-08,41,12,1,24.75,11.57,0.03,Completed,Retail Store
1777,501115,2025-11-08,41,10,1,12.98,5.2,0,Completed,Retail Store
1778,501115,2025-11-08,41,5,1,83.84,39.15,0.03,Completed,Retail Store
1779,501092,2025-11-09,52,2,1,245.36,159.67,0.05,Completed,Retail Store
1780,501104,2025-11-09,34,11,2,16.59,7.3,0.03,Completed,Retail Store
1781,501113,2025-11-09,10,12,1,24.37,11.58,0.05,Completed,Marketplace
1782,501113,2025-11-09,10,9,2,50.48,19.99,0.15,Completed,Marketplace
1783,501117,2025-11-11,22,4,2,28.13,11.5,0,Completed,Online
1784,501117,2025-11-11,22,2,1,245.02,162.38,0,Completed,Online
1785,501117,2025-11-11,22,5,1,82.73,39.08,0,Completed,Online
1786,501099,2025-11-12,54,12,2,25.6,11.45,0,Completed,Online
1787,501099,2025-11-12,54,7,1,397.71,243.99,0,Completed,Online
1788,501079,2025-11-13,25,8,1,270.11,165.44,0.05,Completed,Retail Store
1789,501079,2025-11-13,25,12,1,25.16,11.66,0.1,Completed,Retail Store
1790,501079,2025-11-13,25,10,1,12.63,5.26,0,Completed,Retail Store
1791,501086,2025-11-13,61,2,1,232.14,160.79,0,Completed,Online
1792,501086,2025-11-13,61,10,1,12.13,5.14,0.05,Completed,Online
1793,501102,2025-11-13,39,8,2,274.72,161.1,0.03,Completed,Retail Store
1794,501102,2025-11-13,39,5,1,80.29,38.67,0,Completed,Retail Store
1795,501094,2025-11-14,37,9,1,49.69,19.8,0.1,Cancelled,Marketplace
1796,501114,2025-11-14,36,6,3,121.94,72.91,0.15,Completed,Retail Store
1797,501120,2025-11-15,51,1,2,745.33,560.83,0,Completed,Online
1798,501120,2025-11-15,51,11,1,16.86,7.39,0,Completed,Online
1799,501128,2025-11-15,16,6,2,120.36,75.44,0,Completed,Online
1800,501101,2025-11-16,30,11,1,16.7,7.3,0.05,Completed,Retail Store
1801,501101,2025-11-16,30,5,2,80.71,38.77,0,Completed,Retail Store
1802,501081,2025-11-17,13,4,2,27.76,11.37,0,Completed,Marketplace
1803,501081,2025-11-17,13,1,1,736.39,558.99,0.03,Completed,Marketplace
1804,501082,2025-11-17,42,8,1,269.88,165.68,0,Completed,Marketplace
1805,501082,2025-11-17,42,7,2,373.81,241.24,0,Completed,Marketplace
1806,501082,2025-11-17,42,1,1,761.71,570.36,0.05,Completed,Marketplace
1807,501103,2025-11-17,46,1,2,777.93,572.42,0,Completed,Online
1808,501122,2025-11-17,65,4,1,28.05,11.36,0.05,Completed,Retail Store
1809,501122,2025-11-17,65,9,1,48.85,19.85,0.05,Completed,Retail Store
1810,501122,2025-11-17,65,11,2,16.88,7.3,0.05,Completed,Retail Store
1811,501124,2025-11-17,55,2,2,232.7,158.66,0,Completed,Retail Store
1812,501124,2025-11-17,55,9,1,49.18,19.96,0,Completed,Retail Store
1813,501127,2025-11-17,62,8,3,273.21,164.71,0,Completed,Marketplace
1814,501127,2025-11-17,62,2,1,235.15,159.7,0.05,Completed,Marketplace
1815,501132,2025-11-17,52,3,3,355.65,252.56,0.03,Completed,Retail Store
1816,501132,2025-11-17,52,1,1,778.55,575.61,0,Completed,Retail Store
1817,501133,2025-11-17,28,8,1,267.61,163.61,0.1,Cancelled,Marketplace
1818,501089,2025-11-18,33,5,1,83.79,38.41,0.1,Completed,Marketplace
1819,501089,2025-11-18,33,11,1,17.28,7.27,0,Completed,Marketplace
1820,501121,2025-11-18,65,10,2,12.23,5.13,0.03,Completed,Online
1821,501121,2025-11-18,65,7,2,391.05,244.73,0.05,Completed,Online
1822,501078,2025-11-20,15,1,1,782.39,569.67,0,Completed,Online
1823,501078,2025-11-20,15,10,3,12.32,5.22,0.1,Completed,Online
1824,501088,2025-11-20,41,9,2,51.07,20.06,0,Completed,Retail Store
1825,501129,2025-11-21,51,8,4,279.98,160.51,0.05,Completed,Online
1826,501129,2025-11-21,51,7,1,379.86,248.47,0.15,Completed,Online
1827,501129,2025-11-21,51,10,1,12.94,5.3,0,Completed,Online
1828,501091,2025-11-22,51,10,1,12.7,5.2,0.05,Completed,Online
1829,501107,2025-11-22,60,1,4,757.13,568.53,0.05,Completed,Online
1830,501087,2025-11-23,64,4,2,29.13,11.39,0,Completed,Online
1831,501095,2025-11-23,13,6,1,120.28,75.05,0.1,Completed,Online
1832,501095,2025-11-23,13,12,3,24.59,11.42,0.1,Completed,Online
1833,501095,2025-11-23,13,1,1,743.32,572.59,0,Completed,Online
1834,501097,2025-11-23,61,2,1,234.13,157.62,0,Completed,Marketplace
1835,501097,2025-11-23,61,8,1,272.56,160.52,0.03,Completed,Marketplace
1836,501109,2025-11-23,36,7,1,380.94,246.63,0,Completed,Marketplace
1837,501119,2025-11-23,64,2,1,232.14,161.48,0,Completed,Online
1838,501096,2025-11-24,23,7,2,381.1,242.77,0,Completed,Retail Store
1839,501096,2025-11-24,23,5,2,84.46,38.0,0,Completed,Retail Store
1840,501096,2025-11-24,23,10,1,12.83,5.21,0,Completed,Retail Store
1841,501108,2025-11-25,64,10,1,12.45,5.19,0,Completed,Online
1842,501112,2025-11-25,47,11,1,16.31,7.41,0,Completed,Retail Store
1843,501112,2025-11-25,47,9,2,51.41,19.64,0.1,Completed,Retail Store
1844,501116,2025-11-26,7,9,1,50.11,19.94,0,Completed,Online
1845,501100,2025-11-27,65,4,3,28.7,11.56,0,Completed,Marketplace
1846,501098,2025-11-28,5,2,1,241.05,158.38,0,Completed,Retail Store
1847,501098,2025-11-28,5,1,1,765.9,558.72,0.03,Completed,Retail Store
1848,501110,2025-11-28,58,5,1,85.16,39.24,0,Completed,Marketplace
1849,501076,2025-11-29,61,7,3,385.63,244.49,0.05,Completed,Retail Store
1850,501080,2025-11-29,51,11,1,16.28,7.24,0,Completed,Retail Store
1851,501080,2025-11-29,51,3,1,347.03,247.16,0,Completed,Retail Store
1852,501080,2025-11-29,51,5,1,83.84,38.17,0.05,Completed,Retail Store
1853,501093,2025-11-29,12,7,3,375.87,248.85,0,Completed,Online
1854,501093,2025-11-29,12,1,2,780.04,567.82,0,Completed,Online
1855,501123,2025-11-29,36,8,1,262.62,161.07,0,Completed,Online
1856,501123,2025-11-29,36,10,2,12.52,5.14,0.1,Completed,Online
1857,501131,2025-11-29,5,5,2,82.83,38.29,0,Completed,Retail Store
1858,501131,2025-11-29,5,3,2,334.94,246.51,0.03,Completed,Retail Store
1859,501137,2025-12-01,22,3,1,333.25,246.25,0,Completed,Retail Store
1860,501137,2025-12-01,22,6,1,128.15,75.43,0,Completed,Retail Store
1861,501143,2025-12-01,44,2,1,242.09,160.66,0,Cancelled,Retail Store
1862,501163,2025-12-01,46,2,1,235.1,158.81,0.05,Completed,Marketplace
1863,501185,2025-12-01,57,8,1,265.41,161.53,0,Completed,Retail Store
1864,501186,2025-12-01,13,4,1,27.31,11.35,0,Cancelled,Online
1865,501186,2025-12-01,13,2,1,231.32,162.21,0,Cancelled,Online
1866,501186,2025-12-01,13,7,2,381.13,249.05,0.1,Cancelled,Online
1867,501149,2025-12-02,21,2,1,240.84,157.31,0.05,Completed,Marketplace
1868,501149,2025-12-02,21,4,1,27.27,11.35,0,Completed,Marketplace
1869,501182,2025-12-02,19,5,1,81.29,38.64,0.03,Completed,Retail Store
1870,501162,2025-12-03,26,8,1,269.59,165.31,0,Completed,Retail Store
1871,501162,2025-12-03,26,1,1,742.57,567.17,0.05,Completed,Retail Store
1872,501162,2025-12-03,26,10,1,12.11,5.29,0.05,Completed,Retail Store
1873,501170,2025-12-04,12,8,1,262.65,165.73,0,Completed,Online
1874,501200,2025-12-04,52,10,1,12.36,5.21,0,Completed,Marketplace
1875,501174,2025-12-05,59,8,2,264.55,162.56,0,Completed,Retail Store
1876,501174,2025-12-05,59,3,1,337.66,251.04,0,Completed,Retail Store
1877,501196,2025-12-05,22,10,1,12.33,5.31,0,Completed,Online
1878,501160,2025-12-06,3,12,1,24.36,11.48,0,Completed,Online
1879,501160,2025-12-06,3,1,3,749.9,565.62,0.05,Completed,Online
1880,501160,2025-12-06,3,10,2,12.34,5.27,0.03,Completed,Online
1881,501169,2025-12-06,14,5,1,84.61,39.27,0,Completed,Retail Store
1882,501152,2025-12-07,53,3,3,349.44,252.88,0.03,Completed,Retail Store
1883,501152,2025-12-07,53,8,1,275.21,164.34,0,Completed,Retail Store
1884,501157,2025-12-07,14,9,2,48.85,20.0,0,Completed,Retail Store
1885,501157,2025-12-07,14,4,2,28.64,11.49,0.1,Completed,Retail Store
1886,501188,2025-12-07,64,1,1,776.99,575.33,0,Cancelled,Retail Store
1887,501202,2025-12-07,28,3,2,335.02,251.32,0.05,Completed,Online
1888,501147,2025-12-08,27,2,3,235.54,158.21,0.05,Completed,Online
1889,501168,2025-12-08,26,7,1,383.82,242.64,0,Completed,Marketplace
1890,501190,2025-12-08,63,5,1,81.48,38.61,0.1,Completed,Online
1891,501140,2025-12-09,53,10,2,12.4,5.29,0.15,Completed,Retail Store
1892,501194,2025-12-09,42,12,2,25.22,11.35,0.03,Completed,Online
1893,501154,2025-12-10,64,6,1,121.57,75.05,0,Completed,Online
1894,501172,2025-12-10,42,1,3,786.23,565.06,0,Completed,Retail Store
1895,501172,2025-12-10,42,4,1,28.83,11.51,0.15,Completed,Retail Store
1896,501146,2025-12-11,22,4,1,28.82,11.35,0.03,Completed,Retail Store
1897,501175,2025-12-11,14,8,1,268.83,162.76,0,Completed,Retail Store
1898,501175,2025-12-11,14,7,1,372.89,245.63,0.1,Completed,Retail Store
1899,501198,2025-12-11,64,12,2,24.31,11.5,0,Completed,Retail Store
1900,501161,2025-12-12,51,9,1,48.96,19.91,0.03,Completed,Online
1901,501141,2025-12-13,45,8,3,274.99,163.7,0,Completed,Online
1902,501171,2025-12-13,29,2,3,235.59,160.12,0.03,Completed,Retail Store
1903,501201,2025-12-13,33,7,1,396.55,242.53,0,Completed,Retail Store
1904,501206,2025-12-13,65,5,2,81.98,38.43,0.05,Completed,Retail Store
1905,501206,2025-12-13,65,7,1,396.69,245.57,0,Completed,Retail Store
1906,501187,2025-12-14,63,8,1,270.38,165.1,0.05,Completed,Online
1907,501187,2025-12-14,63,6,2,122.0,75.07,0.05,Completed,Online
1908,501205,2025-12-14,47,3,1,342.56,244.49,0.05,Completed,Online
1909,501145,2025-12-15,57,9,1,48.87,19.78,0,Completed,Marketplace
1910,501145,2025-12-15,57,3,2,345.14,247.62,0,Completed,Marketplace
1911,501159,2025-12-15,39,1,1,750.82,563.68,0.03,Completed,Marketplace
1912,501159,2025-12-15,39,7,2,398.25,248.03,0,Completed,Marketplace
1913,501180,2025-12-15,62,1,2,758.87,566.21,0.1,Completed,Retail Store
1914,501180,2025-12-15,62,8,2,263.1,160.12,0.15,Completed,Retail Store
1915,501181,2025-12-16,53,4,3,27.92,11.46,0,Completed,Online
1916,501144,2025-12-17,38,2,2,236.83,160.9,0.1,Completed,Online
1917,501144,2025-12-17,38,5,2,84.88,38.1,0.15,Completed,Online
1918,501155,2025-12-17,25,2,2,246.56,162.46,0,Completed,Online
1919,501165,2025-12-18,52,10,1,12.94,5.27,0.15,Completed,Marketplace
1920,501184,2025-12-18,60,6,1,123.07,74.98,0.05,Completed,Online
1921,501179,2025-12-19,2,7,2,396.91,247.04,0.05,Completed,Retail Store
1922,501179,2025-12-19,2,5,1,81.05,38.88,0,Completed,Retail Store
1923,501138,2025-12-20,43,7,4,380.26,243.25,0.05,Completed,Online
1924,501142,2025-12-20,49,6,1,124.49,74.18,0.03,Completed,Retail Store
1925,501142,2025-12-20,49,5,1,82.82,38.18,0,Completed,Retail Store
1926,501150,2025-12-20,28,6,1,124.11,73.44,0,Completed,Marketplace
1927,501166,2025-12-20,2,4,2,27.65,11.53,0.03,Completed,Online
1928,501173,2025-12-20,47,4,1,28.38,11.66,0,Completed,Online
1929,501173,2025-12-20,47,12,3,25.15,11.45,0.15,Completed,Online
1930,501173,2025-12-20,47,5,1,80.13,39.02,0,Completed,Online
1931,501203,2025-12-20,58,8,2,275.54,160.48,0,Completed,Online
1932,501203,2025-12-20,58,1,1,739.91,563.16,0.03,Completed,Online
1933,501158,2025-12-21,21,10,1,12.55,5.24,0,Completed,Retail Store
1934,501158,2025-12-21,21,3,1,339.56,252.92,0.05,Completed,Retail Store
1935,501164,2025-12-22,18,9,1,51.4,19.62,0,Completed,Online
1936,501139,2025-12-23,38,12,1,25.61,11.39,0,Completed,Online
1937,501139,2025-12-23,38,3,1,351.04,248.04,0,Completed,Online
1938,501195,2025-12-23,65,4,2,27.41,11.49,0,Completed,Online
1939,501148,2025-12-24,10,6,1,120.37,75.07,0,Completed,Retail Store
1940,501148,2025-12-24,10,10,1,12.87,5.2,0.05,Completed,Retail Store
1941,501135,2025-12-25,62,3,1,335.22,252.65,0.03,Completed,Retail Store
1942,501135,2025-12-25,62,12,1,25.58,11.34,0,Completed,Retail Store
1943,501192,2025-12-25,55,9,1,48.54,19.52,0.05,Completed,Online
1944,501136,2025-12-26,3,4,1,28.02,11.52,0,Cancelled,Retail Store
1945,501183,2025-12-26,25,4,2,28.65,11.3,0.1,Completed,Online
1946,501167,2025-12-27,45,7,4,397.35,241.76,0.05,Completed,Marketplace
1947,501167,2025-12-27,45,9,2,49.57,20.1,0.03,Completed,Marketplace
1948,501178,2025-12-27,17,6,3,120.72,73.82,0,Completed,Retail Store
1949,501178,2025-12-27,17,2,1,237.44,158.28,0,Completed,Retail Store
1950,501189,2025-12-28,11,2,2,237.12,161.54,0,Completed,Online
1951,501197,2025-12-28,11,2,1,245.5,161.48,0,Completed,Marketplace
1952,501199,2025-12-28,12,3,1,337.79,247.45,0,Completed,Retail Store
1953,501204,2025-12-28,27,9,1,49.08,19.99,0,Completed,Retail Store
1954,501204,2025-12-28,27,12,2,25.35,11.58,0,Completed,Retail Store
1955,501177,2025-12-29,47,1,1,762.03,568.6,0,Completed,Online
1956,501151,2025-12-30,50,4,1,27.49,11.44,0,Completed,Retail Store
1957,501151,2025-12-30,50,1,1,764.93,576.34,0,Completed,Retail Store
1958,501156,2025-12-30,16,9,2,48.67,20.11,0.05,Completed,Online
1959,501156,2025-12-30,16,11,2,16.78,7.36,0.05,Completed,Online
1960,501193,2025-12-30,21,3,1,346.89,250.7,0.1,Completed,Marketplace
1961,501193,2025-12-30,21,5,3,83.9,39.03,0,Completed,Marketplace
1962,501153,2025-12-31,16,10,1,12.21,5.21,0.1,Completed,Online
1963,501153,2025-12-31,16,6,3,128.22,73.95,0.1,Completed,Online
1964,501176,2025-12-31,48,4,1,27.55,11.3,0,Completed,Retail Store
1965,501176,2025-12-31,48,5,1,82.0,38.18,0,Completed,Retail Store
1966,501191,2025-12-31,22,6,1,123.97,74.9,0.05,Completed,Online
1967,501246,2026-01-01,56,1,1,767.74,595.94,0,Completed,Online
1968,501246,2026-01-01,56,4,1,29.77,11.98,0,Completed,Online
1969,501209,2026-01-02,43,4,2,28.86,11.82,0.03,Completed,Online
1970,501217,2026-01-02,19,5,1,83.78,40.6,0.05,Completed,Online
1971,501210,2026-01-03,34,12,2,25.88,11.76,0,Completed,Online
1972,501210,2026-01-03,34,10,1,12.94,5.46,0,Completed,Online
1973,501212,2026-01-03,14,9,1,51.8,20.4,0,Completed,Online
1974,501248,2026-01-03,4,2,1,248.74,168.76,0,Completed,Retail Store
1975,501248,2026-01-03,4,8,4,285.39,172.15,0.05,Completed,Retail Store
1976,501248,2026-01-03,4,10,1,13.01,5.39,0.03,Completed,Retail Store
1977,501227,2026-01-04,9,2,1,252.39,166.95,0.05,Cancelled,Marketplace
1978,501221,2026-01-05,16,5,2,85.09,40.24,0.03,Completed,Online
1979,501224,2026-01-05,51,4,3,29.86,11.93,0,Completed,Online
1980,501236,2026-01-05,9,7,3,407.36,254.11,0.15,Completed,Retail Store
1981,501220,2026-01-06,28,1,2,764.07,598.46,0,Cancelled,Online
1982,501220,2026-01-06,28,10,3,12.78,5.37,0.05,Cancelled,Online
1983,501240,2026-01-06,60,6,1,124.26,76.27,0,Completed,Retail Store
1984,501260,2026-01-06,38,3,1,347.79,255.46,0.05,Completed,Retail Store
1985,501260,2026-01-06,38,2,2,242.55,163.69,0.03,Completed,Retail Store
1986,501211,2026-01-07,49,4,2,29.24,11.75,0.03,Completed,Retail Store
1987,501211,2026-01-07,49,2,3,253.86,167.35,0.15,Completed,Retail Store
1988,501218,2026-01-07,36,5,3,85.83,40.68,0.05,Completed,Online
1989,501218,2026-01-07,36,7,2,395.65,253.89,0.1,Completed,Online
1990,501242,2026-01-07,30,8,1,285.89,171.15,0,Completed,Retail Store
1991,501242,2026-01-07,30,6,1,127.49,77.15,0,Completed,Retail Store
1992,501216,2026-01-08,21,2,1,246.52,164.82,0,Completed,Marketplace
1993,501228,2026-01-08,30,11,1,16.89,7.68,0.05,Completed,Online
1994,501253,2026-01-08,23,10,2,13.25,5.4,0.05,Completed,Marketplace
1995,501253,2026-01-08,23,8,1,278.65,167.99,0,Completed,Marketplace
1996,501256,2026-01-08,50,1,1,765.29,583.85,0,Completed,Online
1997,501223,2026-01-09,29,4,1,28.75,11.83,0.03,Completed,Online
1998,501233,2026-01-09,25,5,1,86.72,39.61,0,Completed,Online
1999,501233,2026-01-09,25,4,2,28.22,12.12,0,Completed,Online
2000,501237,2026-01-10,5,4,2,30.19,12.09,0,Completed,Online
2001,501237,2026-01-10,5,3,2,367.19,257.79,0,Completed,Online
2002,501237,2026-01-10,5,10,1,13.39,5.43,0.15,Completed,Online
2003,501262,2026-01-11,36,9,1,51.87,20.77,0.1,Completed,Retail Store
2004,501262,2026-01-11,36,12,1,26.12,12.16,0,Completed,Retail Store
2005,501262,2026-01-11,36,4,2,28.21,12.0,0.05,Completed,Retail Store
2006,501231,2026-01-12,52,3,2,362.28,255.35,0,Completed,Marketplace
2007,501231,2026-01-12,52,11,2,17.13,7.54,0.15,Completed,Marketplace
2008,501230,2026-01-14,25,4,1,29.02,11.9,0.05,Completed,Marketplace
2009,501230,2026-01-14,25,10,2,13.32,5.38,0,Completed,Marketplace
2010,501232,2026-01-14,63,2,3,250.52,164.02,0,Completed,Retail Store
2011,501232,2026-01-14,63,11,4,17.24,7.66,0,Completed,Retail Store
2012,501232,2026-01-14,63,9,3,52.76,20.45,0,Completed,Retail Store
2013,501250,2026-01-14,12,7,2,385.1,257.93,0,Completed,Online
2014,501255,2026-01-14,16,9,1,50.59,20.33,0,Completed,Marketplace
2015,501255,2026-01-14,16,1,1,808.69,582.01,0.03,Completed,Marketplace
2016,501255,2026-01-14,16,10,1,12.76,5.4,0.03,Completed,Marketplace
2017,501235,2026-01-15,61,1,2,801.74,581.39,0.05,Completed,Online
2018,501235,2026-01-15,61,11,1,16.72,7.7,0,Completed,Online
2019,501238,2026-01-15,23,5,2,83.73,40.45,0.03,Completed,Retail Store
2020,501245,2026-01-15,50,12,1,26.73,11.79,0.03,Completed,Retail Store
2021,501243,2026-01-17,32,10,1,12.8,5.39,0,Completed,Retail Store
2022,501243,2026-01-17,32,8,2,273.72,168.36,0,Completed,Retail Store
2023,501243,2026-01-17,32,3,1,362.78,262.7,0.03,Completed,Retail Store
2024,501208,2026-01-18,9,2,3,248.02,165.47,0.1,Cancelled,Retail Store
2025,501215,2026-01-18,11,4,1,29.42,12.16,0.03,Completed,Marketplace
2026,501219,2026-01-18,6,10,1,13.15,5.35,0.03,Completed,Online
2027,501252,2026-01-18,28,1,1,805.78,583.14,0,Completed,Online
2028,501229,2026-01-19,6,12,3,26.73,11.93,0,Completed,Retail Store
2029,501229,2026-01-19,6,10,1,12.89,5.42,0.1,Completed,Retail Store
2030,501234,2026-01-21,34,11,2,17.85,7.49,0,Completed,Online
2031,501247,2026-01-21,40,5,1,86.47,40.45,0.05,Completed,Marketplace
2032,501261,2026-01-21,21,12,1,25.85,12.12,0,Completed,Online
2033,501214,2026-01-22,8,11,2,17.16,7.51,0.03,Completed,Online
2034,501257,2026-01-22,47,1,1,792.41,596.52,0,Completed,Online
2035,501257,2026-01-22,47,11,2,17.26,7.59,0.05,Completed,Online
2036,501207,2026-01-24,7,12,2,25.64,11.83,0,Completed,Online
2037,501226,2026-01-24,2,12,2,26.75,12.13,0,Completed,Online
2038,501226,2026-01-24,2,5,1,87.19,40.09,0.03,Completed,Online
2039,501239,2026-01-24,21,10,1,12.57,5.49,0,Completed,Retail Store
2040,501251,2026-01-24,33,10,1,13.14,5.36,0,Completed,Online
2041,501251,2026-01-24,33,12,3,26.08,12.13,0,Completed,Online
2042,501258,2026-01-25,57,8,1,270.72,171.12,0.05,Completed,Retail Store
2043,501213,2026-01-26,40,6,1,127.68,78.18,0,Completed,Retail Store
2044,501213,2026-01-26,40,8,2,289.59,167.54,0,Completed,Retail Store
2045,501222,2026-01-26,15,4,1,29.11,11.97,0,Completed,Retail Store
2046,501222,2026-01-26,15,9,3,50.19,20.85,0.03,Completed,Retail Store
2047,501259,2026-01-26,57,12,1,26.15,12.06,0.05,Completed,Retail Store
2048,501241,2026-01-29,2,12,3,25.21,12.06,0,Completed,Marketplace
2049,501241,2026-01-29,2,7,1,393.44,258.1,0.05,Completed,Marketplace
2050,501241,2026-01-29,2,1,2,788.42,580.12,0.05,Completed,Marketplace
2051,501244,2026-01-30,44,2,2,251.92,163.74,0,Completed,Online
2052,501249,2026-01-30,46,4,1,28.76,11.92,0,Completed,Online
2053,501254,2026-01-30,3,2,2,254.46,166.08,0.05,Completed,Online
2054,501254,2026-01-30,3,7,1,393.59,257.45,0.03,Completed,Online
2055,501225,2026-01-31,40,10,1,12.94,5.49,0.1,Completed,Online
2056,501225,2026-01-31,40,11,1,17.63,7.62,0,Completed,Online
2057,501283,2026-02-01,1,1,1,813.57,582.9,0.03,Completed,Online
2058,501287,2026-02-01,37,7,2,408.34,251.82,0.05,Cancelled,Online
2059,501287,2026-02-01,37,2,2,244.36,166.83,0,Cancelled,Online
2060,501298,2026-02-01,51,11,1,16.96,7.58,0,Completed,Retail Store
2061,501298,2026-02-01,51,3,2,365.73,259.94,0,Completed,Retail Store
2062,501298,2026-02-01,51,6,1,131.11,77.45,0.03,Completed,Retail Store
2063,501266,2026-02-02,53,6,1,131.45,76.54,0.03,Completed,Retail Store
2064,501266,2026-02-02,53,12,1,25.94,11.76,0,Completed,Retail Store
2065,501295,2026-02-04,39,1,1,814.57,593.45,0.1,Completed,Retail Store
2066,501278,2026-02-05,13,2,3,246.24,165.25,0.1,Completed,Retail Store
2067,501272,2026-02-06,2,4,1,28.89,11.77,0,Completed,Retail Store
2068,501304,2026-02-06,40,2,2,250.79,165.26,0,Completed,Online
2069,501304,2026-02-06,40,11,1,17.52,7.52,0,Completed,Online
2070,501280,2026-02-07,62,1,1,811.47,591.8,0,Completed,Online
2071,501280,2026-02-07,62,4,1,28.83,12.13,0,Completed,Online
2072,501290,2026-02-08,5,3,1,357.56,259.61,0.15,Completed,Online
2073,501290,2026-02-08,5,2,3,243.81,168.69,0,Completed,Online
2074,501300,2026-02-08,37,7,1,396.78,256.41,0.1,Cancelled,Retail Store
2075,501303,2026-02-08,30,11,3,17.35,7.71,0,Completed,Retail Store
2076,501303,2026-02-08,30,9,2,52.07,20.47,0,Completed,Retail Store
2077,501309,2026-02-08,19,8,1,285.01,170.32,0,Completed,Online
2078,501309,2026-02-08,19,7,2,397.55,254.46,0.05,Completed,Online
2079,501286,2026-02-09,64,11,4,17.27,7.53,0.05,Completed,Online
2080,501301,2026-02-09,37,11,1,16.78,7.51,0,Completed,Retail Store
2081,501263,2026-02-10,26,10,1,13.38,5.5,0.03,Completed,Retail Store
2082,501263,2026-02-10,26,6,3,129.03,78.48,0,Completed,Retail Store
2083,501274,2026-02-10,64,5,1,85.31,39.64,0,Completed,Online
2084,501274,2026-02-10,64,2,1,240.1,164.4,0.1,Completed,Online
2085,501274,2026-02-10,64,8,2,282.1,169.13,0.1,Completed,Online
2086,501282,2026-02-11,21,4,2,29.22,11.76,0.1,Completed,Online
2087,501276,2026-02-12,44,3,1,356.75,262.84,0.1,Completed,Online
2088,501264,2026-02-16,65,11,3,17.81,7.63,0.1,Completed,Marketplace
2089,501281,2026-02-16,46,3,1,361.58,260.9,0.15,Completed,Retail Store
2090,501284,2026-02-16,31,8,1,272.56,171.84,0,Completed,Online
2091,501294,2026-02-16,11,10,1,12.53,5.36,0.03,Completed,Retail Store
2092,501294,2026-02-16,11,7,1,405.76,253.3,0,Completed,Retail Store
2093,501294,2026-02-16,11,4,1,28.41,12.0,0.05,Completed,Retail Store
2094,501271,2026-02-17,15,1,1,773.06,583.23,0.03,Completed,Online
2095,501271,2026-02-17,15,9,1,51.06,20.53,0,Completed,Online
2096,501271,2026-02-17,15,5,1,87.0,40.33,0.05,Completed,Online
2097,501277,2026-02-17,26,6,1,124.84,78.21,0,Completed,Retail Store
2098,501277,2026-02-17,26,10,1,12.99,5.43,0,Completed,Retail Store
2099,501277,2026-02-17,26,7,2,407.55,253.37,0,Completed,Retail Store
2100,501289,2026-02-17,10,12,1,26.6,12.12,0,Cancelled,Retail Store
2101,501293,2026-02-17,24,1,2,773.17,583.06,0,Completed,Marketplace
2102,501293,2026-02-17,24,5,1,88.12,40.85,0,Completed,Marketplace
2103,501293,2026-02-17,24,12,1,25.57,12.13,0,Completed,Marketplace
2104,501285,2026-02-18,51,10,3,12.64,5.52,0.03,Completed,Retail Store
2105,501285,2026-02-18,51,11,3,17.38,7.62,0,Completed,Retail Store
2106,501291,2026-02-18,18,3,1,365.69,255.56,0.05,Completed,Online
2107,501291,2026-02-18,18,6,1,131.45,77.94,0,Completed,Online
2108,501268,2026-02-20,3,1,1,800.61,591.88,0,Completed,Retail Store
2109,501265,2026-02-21,22,8,3,271.37,167.13,0,Completed,Online
2110,501299,2026-02-21,49,8,1,287.6,169.19,0,Completed,Marketplace
2111,501279,2026-02-22,55,9,1,53.58,20.6,0.05,Completed,Retail Store
2112,501279,2026-02-22,55,3,2,352.06,259.89,0,Completed,Retail Store
2113,501279,2026-02-22,55,6,1,126.8,78.22,0,Completed,Retail Store
2114,501269,2026-02-24,13,10,2,12.74,5.35,0.03,Completed,Retail Store
2115,501288,2026-02-24,1,12,1,26.53,11.88,0,Completed,Marketplace
2116,501302,2026-02-24,40,9,1,50.68,20.3,0,Completed,Retail Store
2117,501302,2026-02-24,40,12,1,25.2,12.02,0.15,Completed,Retail Store
2118,501302,2026-02-24,40,3,3,355.61,254.29,0,Completed,Retail Store
2119,501305,2026-02-24,34,2,1,247.62,167.01,0,Completed,Retail Store
2120,501305,2026-02-24,34,10,3,13.31,5.34,0.05,Completed,Retail Store
2121,501307,2026-02-24,22,10,1,13.19,5.4,0,Completed,Online
2122,501307,2026-02-24,22,7,1,387.42,258.59,0,Completed,Online
2123,501270,2026-02-25,3,2,2,251.85,164.79,0.03,Completed,Marketplace
2124,501270,2026-02-25,3,10,1,13.34,5.44,0.1,Completed,Marketplace
2125,501308,2026-02-25,17,6,1,127.03,76.43,0.03,Completed,Marketplace
2126,501292,2026-02-26,10,12,2,26.58,12.04,0,Completed,Marketplace
2127,501292,2026-02-26,10,8,1,282.42,168.22,0.1,Completed,Marketplace
2128,501267,2026-02-27,61,7,1,391.4,251.0,0,Completed,Online
2129,501273,2026-02-28,15,12,1,25.97,12.07,0.03,Completed,Marketplace
2130,501275,2026-02-28,3,2,1,244.48,168.27,0.05,Completed,Online
2131,501296,2026-02-28,19,8,1,288.48,166.65,0,Completed,Online
2132,501296,2026-02-28,19,6,2,128.31,76.23,0.03,Completed,Online
2133,501297,2026-02-28,40,6,2,131.17,77.48,0,Completed,Online
2134,501297,2026-02-28,40,3,1,359.1,260.54,0.05,Completed,Online
2135,501297,2026-02-28,40,8,3,278.2,171.72,0,Completed,Online
2136,501306,2026-02-28,58,10,3,13.16,5.46,0,Completed,Marketplace
2137,501334,2026-03-01,52,4,2,28.51,11.85,0,Completed,Retail Store
2138,501334,2026-03-01,52,8,1,279.37,167.78,0,Completed,Retail Store
2139,501320,2026-03-02,23,5,2,83.47,40.42,0,Completed,Online
2140,501320,2026-03-02,23,12,2,25.22,11.82,0,Completed,Online
2141,501312,2026-03-03,27,10,1,12.59,5.45,0.1,Completed,Marketplace
2142,501312,2026-03-03,27,2,1,254.71,167.87,0.03,Completed,Marketplace
2143,501313,2026-03-03,6,2,1,245.34,164.38,0,Completed,Marketplace
2144,501313,2026-03-03,6,1,4,795.4,597.08,0.05,Completed,Marketplace
2145,501363,2026-03-03,4,12,1,25.6,11.94,0,Completed,Retail Store
2146,501310,2026-03-04,37,9,2,53.16,20.48,0,Completed,Online
2147,501310,2026-03-04,37,8,2,288.73,170.63,0.1,Completed,Online
2148,501325,2026-03-04,48,7,2,398.12,254.56,0,Completed,Online
2149,501325,2026-03-04,48,10,1,13.05,5.46,0,Completed,Online
2150,501356,2026-03-04,29,3,2,349.9,259.72,0,Cancelled,Online
2151,501336,2026-03-05,45,6,1,128.77,76.2,0,Completed,Online
2152,501317,2026-03-07,63,9,1,50.79,20.54,0,Completed,Online
2153,501323,2026-03-07,55,4,1,28.26,12.16,0,Completed,Retail Store
2154,501323,2026-03-07,55,7,3,391.18,254.64,0.05,Completed,Retail Store
2155,501337,2026-03-07,43,4,3,29.82,11.94,0,Completed,Retail Store
2156,501337,2026-03-07,43,1,1,788.59,597.41,0.05,Completed,Retail Store
2157,501342,2026-03-08,6,1,1,797.86,590.07,0,Completed,Retail Store
2158,501346,2026-03-09,15,11,1,17.75,7.55,0.05,Completed,Retail Store
2159,501346,2026-03-09,15,2,1,251.76,168.5,0,Completed,Retail Store
2160,501316,2026-03-11,42,11,1,17.8,7.53,0,Completed,Online
2161,501326,2026-03-11,8,1,1,773.25,599.84,0,Completed,Retail Store
2162,501318,2026-03-12,24,12,1,25.73,12.1,0,Completed,Retail Store
2163,501324,2026-03-12,10,11,1,17.21,7.59,0,Completed,Online
2164,501338,2026-03-12,3,6,2,129.46,77.73,0.03,Completed,Online
2165,501341,2026-03-12,21,11,1,17.5,7.58,0,Completed,Marketplace
2166,501315,2026-03-13,36,4,1,29.49,11.96,0,Completed,Online
2167,501348,2026-03-13,6,10,1,12.59,5.49,0,Completed,Marketplace
2168,501362,2026-03-13,21,9,1,52.29,20.3,0,Completed,Online
2169,501329,2026-03-14,33,3,1,359.73,259.86,0.15,Completed,Retail Store
2170,501329,2026-03-14,33,7,2,407.75,256.34,0,Completed,Retail Store
2171,501329,2026-03-14,33,5,2,83.65,40.35,0,Completed,Retail Store
2172,501314,2026-03-15,9,1,1,786.87,583.78,0.03,Completed,Online
2173,501314,2026-03-15,9,2,1,239.64,165.52,0,Completed,Online
2174,501314,2026-03-15,9,6,2,131.5,75.93,0,Completed,Online
2175,501358,2026-03-15,45,11,1,17.11,7.53,0,Completed,Online
2176,501358,2026-03-15,45,5,4,86.35,40.11,0.03,Completed,Online
2177,501354,2026-03-17,15,9,1,50.43,20.62,0,Completed,Online
2178,501355,2026-03-17,46,1,1,785.99,582.4,0,Cancelled,Online
2179,501355,2026-03-17,46,7,2,411.86,255.16,0.03,Cancelled,Online
2180,501311,2026-03-18,58,5,2,88.18,40.51,0.03,Completed,Retail Store
2181,501319,2026-03-18,1,12,1,25.99,11.8,0,Completed,Retail Store
2182,501344,2026-03-18,19,4,3,29.13,11.91,0.05,Completed,Marketplace
2183,501344,2026-03-18,19,1,1,797.89,599.96,0,Completed,Marketplace
2184,501344,2026-03-18,19,7,1,390.54,253.37,0.1,Completed,Marketplace
2185,501345,2026-03-18,27,6,2,128.87,76.04,0,Completed,Retail Store
2186,501347,2026-03-18,56,8,1,280.0,168.86,0,Completed,Online
2187,501347,2026-03-18,56,5,2,85.85,39.81,0.03,Completed,Online
2188,501331,2026-03-19,5,9,1,50.61,20.95,0,Cancelled,Online
2189,501331,2026-03-19,5,4,1,29.03,11.76,0.03,Cancelled,Online
2190,501352,2026-03-19,11,10,2,13.08,5.49,0,Completed,Online
2191,501359,2026-03-19,21,7,1,389.75,253.19,0.05,Completed,Retail Store
2192,501335,2026-03-20,28,2,2,239.48,168.02,0,Completed,Marketplace
2193,501353,2026-03-20,5,9,1,50.55,20.45,0,Completed,Online
2194,501322,2026-03-23,33,8,1,286.84,166.98,0.1,Completed,Online
2195,501322,2026-03-23,33,2,1,243.53,165.26,0,Completed,Online
2196,501327,2026-03-23,45,3,4,364.53,255.47,0,Completed,Online
2197,501328,2026-03-23,7,5,1,83.87,40.32,0,Completed,Marketplace
2198,501357,2026-03-23,62,3,2,346.69,255.01,0.03,Completed,Online
2199,501357,2026-03-23,62,2,3,242.28,166.98,0,Completed,Online
2200,501357,2026-03-23,62,7,1,396.0,259.51,0,Completed,Online
2201,501330,2026-03-24,22,6,1,128.68,77.24,0.1,Completed,Marketplace
2202,501330,2026-03-24,22,10,3,12.65,5.42,0.03,Completed,Marketplace
2203,501343,2026-03-24,32,11,2,17.57,7.72,0,Completed,Retail Store
2204,501343,2026-03-24,32,3,1,358.25,258.31,0.1,Completed,Retail Store
2205,501349,2026-03-24,53,9,1,52.41,20.68,0,Completed,Online
2206,501349,2026-03-24,53,5,1,86.06,40.86,0.03,Completed,Online
2207,501340,2026-03-25,10,5,2,87.37,40.21,0.1,Cancelled,Online
2208,501340,2026-03-25,10,6,3,125.51,76.72,0.05,Cancelled,Online
2209,501360,2026-03-25,19,6,1,126.91,77.51,0.05,Completed,Marketplace
2210,501360,2026-03-25,19,1,1,803.44,597.0,0,Completed,Marketplace
2211,501333,2026-03-27,12,1,1,768.44,589.0,0.03,Completed,Marketplace
2212,501333,2026-03-27,12,11,1,17.88,7.48,0,Completed,Marketplace
2213,501333,2026-03-27,12,8,1,272.55,170.79,0,Completed,Marketplace
2214,501332,2026-03-28,58,3,1,364.04,254.61,0,Completed,Online
2215,501361,2026-03-28,32,9,1,53.36,20.56,0,Completed,Online
2216,501361,2026-03-28,32,10,3,13.41,5.52,0,Completed,Online
2217,501350,2026-03-29,27,12,1,26.34,12.08,0,Completed,Online
2218,501350,2026-03-29,27,8,1,283.76,167.66,0,Completed,Online
2219,501339,2026-03-30,5,5,1,86.19,40.46,0,Completed,Online
2220,501339,2026-03-30,5,8,2,288.52,166.94,0.05,Completed,Online
2221,501339,2026-03-30,5,7,2,395.25,255.74,0.03,Completed,Online
2222,501321,2026-03-31,34,1,1,771.55,589.78,0.05,Completed,Retail Store
2223,501351,2026-03-31,13,9,1,53.2,20.64,0.03,Cancelled,Retail Store
2224,501351,2026-03-31,13,6,1,130.97,76.27,0.03,Cancelled,Retail Store
2225,501402,2026-04-01,13,9,2,51.99,20.72,0.03,Completed,Online
2226,501381,2026-04-03,4,9,1,51.67,20.67,0,Completed,Marketplace
2227,501383,2026-04-04,54,12,2,25.75,12.11,0.1,Completed,Online
2228,501401,2026-04-04,61,7,1,392.13,253.0,0,Completed,Online
2229,501364,2026-04-05,33,4,1,30.04,11.95,0.03,Completed,Online
2230,501375,2026-04-05,15,8,1,282.77,167.43,0,Completed,Marketplace
2231,501375,2026-04-05,15,3,1,359.34,254.33,0.15,Completed,Marketplace
2232,501365,2026-04-06,2,6,1,126.23,77.29,0.05,Completed,Marketplace
2233,501392,2026-04-06,12,7,1,397.32,251.81,0,Completed,Marketplace
2234,501392,2026-04-06,12,6,2,125.32,76.73,0,Completed,Marketplace
2235,501394,2026-04-07,19,1,1,763.27,584.32,0.03,Completed,Retail Store
2236,501394,2026-04-07,19,6,1,124.85,77.49,0,Completed,Retail Store
2237,501394,2026-04-07,19,5,1,87.62,40.53,0.03,Completed,Retail Store
2238,501403,2026-04-07,25,8,2,283.38,169.73,0.03,Completed,Online
2239,501403,2026-04-07,25,12,1,25.81,11.97,0,Completed,Online
2240,501403,2026-04-07,25,6,1,126.36,76.35,0,Completed,Online
2241,501414,2026-04-07,33,8,1,270.85,167.79,0,Completed,Retail Store
2242,501366,2026-04-08,39,9,1,53.33,20.95,0,Completed,Retail Store
2243,501366,2026-04-08,39,8,1,278.81,168.89,0,Completed,Retail Store
2244,501379,2026-04-08,24,2,1,254.25,164.4,0.05,Completed,Online
2245,501389,2026-04-08,13,9,1,50.31,20.84,0,Completed,Marketplace
2246,501389,2026-04-08,13,11,1,17.38,7.68,0,Completed,Marketplace
2247,501389,2026-04-08,13,2,2,245.71,165.4,0,Completed,Marketplace
2248,501396,2026-04-08,52,1,3,778.48,595.82,0,Completed,Online
2249,501396,2026-04-08,52,8,1,281.18,171.27,0,Completed,Online
2250,501396,2026-04-08,52,9,2,53.19,20.88,0,Completed,Online
2251,501388,2026-04-09,64,11,1,17.57,7.64,0,Cancelled,Online
2252,501388,2026-04-09,64,12,2,25.18,12.01,0.1,Cancelled,Online
2253,501411,2026-04-09,39,12,1,26.17,11.76,0.05,Completed,Marketplace
2254,501411,2026-04-09,39,1,1,799.86,599.8,0.1,Completed,Marketplace
2255,501412,2026-04-09,9,6,1,128.2,76.3,0,Completed,Online
2256,501412,2026-04-09,9,9,1,51.09,20.5,0,Completed,Online
2257,501372,2026-04-10,44,4,2,28.37,12.07,0.03,Completed,Online
2258,501372,2026-04-10,44,1,1,795.35,591.62,0,Completed,Online
2259,501398,2026-04-10,43,9,3,51.55,20.61,0.1,Completed,Retail Store
2260,501398,2026-04-10,43,4,4,30.1,12.02,0,Completed,Retail Store
2261,501407,2026-04-10,56,3,2,364.16,259.73,0,Completed,Retail Store
2262,501386,2026-04-12,4,10,2,12.63,5.38,0,Completed,Marketplace
2263,501386,2026-04-12,4,8,2,282.28,171.76,0.03,Completed,Marketplace
2264,501386,2026-04-12,4,3,1,356.38,262.4,0,Completed,Marketplace
2265,501397,2026-04-12,61,3,2,350.26,256.16,0,Completed,Retail Store
2266,501397,2026-04-12,61,11,1,17.39,7.49,0,Completed,Retail Store
2267,501397,2026-04-12,61,6,3,130.0,77.3,0,Completed,Retail Store
2268,501415,2026-04-12,23,2,1,253.33,168.44,0.05,Completed,Online
2269,501367,2026-04-14,12,5,1,86.57,40.88,0.15,Completed,Online
2270,501367,2026-04-14,12,1,1,794.71,597.83,0.1,Completed,Online
2271,501395,2026-04-14,39,10,1,12.79,5.36,0,Completed,Marketplace
2272,501395,2026-04-14,39,2,4,244.73,168.49,0,Completed,Marketplace
2273,501390,2026-04-15,57,12,2,25.77,11.97,0,Completed,Online
2274,501399,2026-04-15,32,8,1,287.88,167.26,0,Completed,Online
2275,501405,2026-04-15,30,8,1,274.01,168.8,0.1,Completed,Online
2276,501384,2026-04-17,62,3,2,353.94,255.12,0,Completed,Marketplace
2277,501384,2026-04-17,62,12,4,25.77,11.79,0.15,Completed,Marketplace
2278,501406,2026-04-17,9,9,1,53.59,20.56,0.03,Completed,Online
2279,501406,2026-04-17,9,8,2,283.59,170.42,0,Completed,Online
2280,501406,2026-04-17,9,4,2,30.14,11.76,0,Completed,Online
2281,501368,2026-04-18,2,2,1,245.92,168.22,0.03,Completed,Online
2282,501368,2026-04-18,2,4,2,28.68,11.93,0,Completed,Online
2283,501374,2026-04-19,7,5,1,84.33,40.84,0,Completed,Marketplace
2284,501376,2026-04-19,48,12,3,26.53,12.14,0,Completed,Online
2285,501387,2026-04-19,60,4,1,28.47,12.11,0,Completed,Online
2286,501387,2026-04-19,60,11,1,17.58,7.65,0.05,Completed,Online
2287,501410,2026-04-19,21,11,1,17.16,7.49,0.03,Completed,Retail Store
2288,501380,2026-04-20,43,11,2,16.84,7.5,0.05,Completed,Online
2289,501385,2026-04-20,8,10,2,13.1,5.47,0,Cancelled,Retail Store
2290,501400,2026-04-20,12,6,1,131.23,78.37,0.1,Completed,Online
2291,501400,2026-04-20,12,12,1,25.35,12.11,0,Completed,Online
2292,501404,2026-04-20,50,9,1,51.08,20.57,0,Completed,Retail Store
2293,501404,2026-04-20,50,11,1,17.08,7.52,0,Completed,Retail Store
2294,501378,2026-04-21,20,9,2,50.81,20.4,0.05,Completed,Retail Store
2295,501391,2026-04-22,57,6,1,127.87,77.75,0,Completed,Online
2296,501413,2026-04-22,27,3,1,358.97,261.0,0.03,Completed,Marketplace
2297,501377,2026-04-23,17,5,2,86.84,40.37,0,Completed,Marketplace
2298,501393,2026-04-23,53,4,1,29.11,11.9,0,Completed,Online
2299,501393,2026-04-23,53,9,1,50.24,20.36,0.03,Completed,Online
2300,501369,2026-04-24,24,5,3,84.76,40.1,0.05,Completed,Online
2301,501371,2026-04-25,53,6,1,126.12,77.48,0.03,Completed,Retail Store
2302,501373,2026-04-26,29,2,1,250.14,165.52,0,Completed,Online
2303,501373,2026-04-26,29,3,1,356.14,259.86,0,Completed,Online
2304,501373,2026-04-26,29,4,1,28.65,12.03,0.05,Completed,Online
2305,501408,2026-04-27,29,11,1,17.86,7.64,0.05,Completed,Retail Store
2306,501408,2026-04-27,29,2,3,254.24,164.96,0,Completed,Retail Store
2307,501408,2026-04-27,29,9,1,52.32,20.36,0,Completed,Retail Store
2308,501370,2026-04-28,2,9,1,50.48,20.6,0.05,Completed,Retail Store
2309,501409,2026-04-28,38,9,2,53.26,20.95,0,Completed,Marketplace
2310,501409,2026-04-28,38,12,1,25.42,11.87,0.1,Completed,Marketplace
2311,501382,2026-04-29,10,3,1,363.82,255.79,0.1,Completed,Online
2312,501450,2026-05-02,13,5,3,87.64,40.75,0,Completed,Online
2313,501469,2026-05-02,6,2,1,238.95,166.48,0,Completed,Retail Store
2314,501475,2026-05-02,31,12,1,25.61,11.75,0,Completed,Online
2315,501428,2026-05-03,38,5,1,84.82,39.67,0.05,Completed,Online
2316,501436,2026-05-03,29,4,2,28.17,11.83,0,Completed,Retail Store
2317,501439,2026-05-04,48,11,2,17.61,7.71,0,Completed,Online
2318,501439,2026-05-04,48,6,1,131.14,76.35,0.03,Completed,Online
2319,501449,2026-05-04,6,7,1,411.39,253.51,0,Completed,Online
2320,501449,2026-05-04,6,1,1,781.75,595.25,0.05,Completed,Online
2321,501420,2026-05-05,46,4,1,28.7,12.0,0.05,Completed,Online
2322,501440,2026-05-06,40,5,1,86.97,39.54,0.03,Completed,Online
2323,501461,2026-05-06,22,6,1,128.38,76.59,0,Cancelled,Online
2324,501444,2026-05-07,24,9,2,50.56,20.5,0,Completed,Online
2325,501444,2026-05-07,24,1,1,802.07,583.35,0,Completed,Online
2326,501445,2026-05-07,40,3,1,361.4,258.36,0.03,Completed,Online
2327,501468,2026-05-07,58,9,2,53.12,20.49,0.03,Completed,Online
2328,501474,2026-05-07,12,9,1,51.8,20.36,0,Completed,Retail Store
2329,501464,2026-05-08,29,4,2,29.58,11.92,0,Completed,Retail Store
2330,501429,2026-05-09,9,4,2,28.52,11.87,0,Completed,Online
2331,501459,2026-05-09,37,8,1,276.97,169.32,0.1,Completed,Online
2332,501459,2026-05-09,37,2,1,255.14,165.54,0.05,Completed,Online
2333,501441,2026-05-10,3,10,1,13.12,5.5,0,Completed,Online
2334,501441,2026-05-10,3,3,2,356.93,261.06,0.05,Completed,Online
2335,501451,2026-05-10,1,7,1,406.83,255.72,0,Completed,Online
2336,501454,2026-05-10,56,8,1,285.98,168.85,0,Completed,Retail Store
2337,501454,2026-05-10,56,6,1,130.37,76.62,0.1,Completed,Retail Store
2338,501471,2026-05-10,4,1,2,790.8,595.77,0,Completed,Retail Store
2339,501471,2026-05-10,4,7,2,399.55,258.36,0.03,Completed,Retail Store
2340,501419,2026-05-12,13,8,2,279.96,169.17,0.03,Completed,Retail Store
2341,501434,2026-05-12,45,9,2,50.37,20.58,0,Completed,Retail Store
2342,501442,2026-05-12,62,2,1,249.99,163.41,0.03,Completed,Online
2343,501442,2026-05-12,62,10,2,13.18,5.41,0.03,Completed,Online
2344,501442,2026-05-12,62,6,1,124.27,76.58,0.1,Completed,Online
2345,501477,2026-05-12,28,5,1,86.9,40.55,0,Completed,Marketplace
2346,501432,2026-05-13,51,10,1,13.13,5.34,0.05,Completed,Online
2347,501476,2026-05-13,34,4,4,28.67,11.86,0.15,Completed,Online
2348,501476,2026-05-13,34,10,1,13.07,5.37,0,Completed,Online
2349,501430,2026-05-14,18,5,2,86.11,40.28,0.1,Completed,Online
2350,501438,2026-05-14,18,3,1,353.98,262.79,0.15,Completed,Online
2351,501443,2026-05-15,58,5,1,86.91,40.45,0,Completed,Retail Store
2352,501455,2026-05-15,34,10,1,12.89,5.45,0.03,Completed,Retail Store
2353,501455,2026-05-15,34,2,1,240.46,166.39,0,Completed,Retail Store
2354,501462,2026-05-15,48,6,2,127.56,78.09,0,Completed,Online
2355,501453,2026-05-16,10,2,2,248.72,168.76,0.05,Completed,Marketplace
2356,501456,2026-05-16,51,7,1,396.02,259.34,0,Completed,Online
2357,501473,2026-05-17,6,2,1,247.25,168.71,0.1,Completed,Retail Store
2358,501473,2026-05-17,6,5,1,84.44,40.55,0.1,Completed,Retail Store
2359,501473,2026-05-17,6,4,1,28.53,11.89,0,Completed,Retail Store
2360,501424,2026-05-18,48,7,1,387.77,254.97,0.15,Completed,Online
2361,501424,2026-05-18,48,8,1,274.98,170.5,0,Completed,Online
2362,501424,2026-05-18,48,12,1,25.47,12.04,0.05,Completed,Online
2363,501452,2026-05-18,26,7,1,394.22,259.76,0.15,Completed,Retail Store
2364,501452,2026-05-18,26,3,1,351.38,254.46,0.15,Completed,Retail Store
2365,501467,2026-05-18,37,7,2,409.03,258.18,0.03,Completed,Retail Store
2366,501467,2026-05-18,37,6,1,133.06,75.83,0.03,Completed,Retail Store
2367,501421,2026-05-20,10,11,3,17.69,7.54,0.03,Completed,Marketplace
2368,501421,2026-05-20,10,12,1,26.81,12.11,0,Completed,Marketplace
2369,501435,2026-05-20,22,5,1,86.11,40.02,0.1,Completed,Online
2370,501435,2026-05-20,22,11,1,17.89,7.67,0,Completed,Online
2371,501458,2026-05-21,21,6,2,130.05,76.0,0,Completed,Online
2372,501458,2026-05-21,21,4,1,28.86,12.07,0,Completed,Online
2373,501466,2026-05-21,51,9,1,53.46,20.44,0,Cancelled,Retail Store
2374,501466,2026-05-21,51,7,1,391.64,250.98,0,Cancelled,Retail Store
2375,501466,2026-05-21,51,5,3,82.93,40.88,0,Cancelled,Retail Store
2376,501431,2026-05-22,47,11,2,17.78,7.56,0,Completed,Online
2377,501431,2026-05-22,47,6,1,131.47,76.76,0.05,Completed,Online
2378,501422,2026-05-23,25,9,2,51.24,20.31,0,Completed,Online
2379,501422,2026-05-23,25,11,3,17.7,7.58,0.15,Completed,Online
2380,501433,2026-05-23,1,7,2,408.17,258.54,0,Completed,Marketplace
2381,501448,2026-05-23,5,8,1,282.8,169.77,0,Completed,Online
2382,501448,2026-05-23,5,7,1,389.76,256.22,0.03,Completed,Online
2383,501465,2026-05-24,5,9,1,52.93,20.34,0,Cancelled,Online
2384,501418,2026-05-25,17,3,1,344.48,259.65,0,Completed,Online
2385,501418,2026-05-25,17,2,1,240.99,166.39,0.03,Completed,Online
2386,501418,2026-05-25,17,12,1,26.58,11.92,0.03,Completed,Online
2387,501427,2026-05-25,5,7,3,386.53,259.48,0,Completed,Retail Store
2388,501447,2026-05-25,24,6,2,127.18,76.66,0.03,Completed,Marketplace
2389,501446,2026-05-26,35,3,1,356.88,260.47,0,Completed,Retail Store
2390,501457,2026-05-26,42,7,1,399.35,258.45,0.05,Completed,Online
2391,501457,2026-05-26,42,4,2,28.65,11.98,0,Completed,Online
2392,501437,2026-05-27,65,1,1,814.19,585.08,0,Completed,Online
2393,501437,2026-05-27,65,7,3,398.79,253.76,0.1,Completed,Online
2394,501472,2026-05-27,19,10,1,13.08,5.34,0.1,Completed,Online
2395,501472,2026-05-27,19,1,1,769.27,585.71,0.05,Completed,Online
2396,501470,2026-05-28,23,10,1,13.29,5.44,0,Completed,Marketplace
2397,501470,2026-05-28,23,4,1,29.76,11.94,0.15,Completed,Marketplace
2398,501417,2026-05-29,58,5,1,83.57,40.66,0,Completed,Retail Store
2399,501417,2026-05-29,58,9,1,50.43,20.56,0,Completed,Retail Store
2400,501426,2026-05-29,27,7,1,385.18,253.52,0,Completed,Online
2401,501426,2026-05-29,27,4,1,28.75,11.76,0,Completed,Online
2402,501460,2026-05-29,29,9,2,51.91,20.91,0,Completed,Online
2403,501460,2026-05-29,29,12,3,25.61,11.8,0.1,Completed,Online
2404,501416,2026-05-30,21,11,1,16.82,7.62,0.05,Completed,Retail Store
2405,501425,2026-05-30,10,6,2,126.62,78.15,0.03,Completed,Online
2406,501463,2026-05-30,43,10,1,12.83,5.46,0.03,Completed,Online
2407,501423,2026-05-31,25,1,2,770.83,592.96,0.05,Completed,Online
2408,501423,2026-05-31,25,3,1,363.35,258.98,0.05,Completed,Online
2409,501423,2026-05-31,25,2,2,249.7,164.34,0,Completed,Online
2410,501487,2026-06-02,52,11,1,16.99,7.6,0.03,Completed,Online
2411,501487,2026-06-02,52,6,1,126.51,75.87,0,Completed,Online
2412,501487,2026-06-02,52,8,2,273.81,172.14,0,Completed,Online
2413,501491,2026-06-02,50,1,1,808.76,599.1,0.03,Completed,Online
2414,501516,2026-06-02,19,3,1,344.15,257.77,0,Completed,Retail Store
2415,501494,2026-06-04,28,7,2,410.04,258.31,0.03,Completed,Marketplace
2416,501494,2026-06-04,28,9,3,52.76,20.48,0,Completed,Marketplace
2417,501499,2026-06-04,17,1,2,762.87,584.58,0,Completed,Online
2418,501512,2026-06-04,36,6,3,129.48,77.09,0.03,Completed,Retail Store
2419,501525,2026-06-05,33,1,1,788.52,595.67,0.15,Completed,Online
2420,501495,2026-06-06,29,8,1,284.73,170.48,0.03,Completed,Online
2421,501495,2026-06-06,29,10,2,12.75,5.46,0.03,Completed,Online
2422,501517,2026-06-07,45,5,2,87.01,40.63,0,Completed,Online
2423,501517,2026-06-07,45,10,1,13.09,5.45,0,Completed,Online
2424,501510,2026-06-08,20,8,1,285.62,169.5,0.03,Completed,Marketplace
2425,501510,2026-06-08,20,5,3,88.32,39.69,0,Completed,Marketplace
2426,501531,2026-06-08,57,6,1,132.14,77.34,0,Completed,Online
2427,501479,2026-06-09,7,8,1,289.3,168.17,0,Completed,Retail Store
2428,501497,2026-06-09,8,8,2,280.21,169.11,0,Completed,Online
2429,501497,2026-06-09,8,3,1,349.44,255.55,0,Completed,Online
2430,501535,2026-06-09,28,6,1,128.25,75.88,0.05,Completed,Online
2431,501504,2026-06-10,1,10,1,12.96,5.52,0,Completed,Retail Store
2432,501504,2026-06-10,1,3,2,343.58,258.51,0,Completed,Retail Store
2433,501484,2026-06-11,23,4,1,29.2,11.75,0.1,Completed,Retail Store
2434,501484,2026-06-11,23,10,1,13.11,5.44,0,Completed,Retail Store
2435,501484,2026-06-11,23,5,1,86.94,40.48,0,Completed,Retail Store
2436,501511,2026-06-12,26,2,2,252.19,165.85,0.05,Completed,Online
2437,501527,2026-06-12,43,12,1,26.0,12.03,0.1,Completed,Online
2438,501478,2026-06-13,1,5,1,83.63,40.21,0,Completed,Online
2439,501478,2026-06-13,1,8,2,274.85,169.75,0.05,Completed,Online
2440,501501,2026-06-13,12,6,2,130.13,76.72,0,Completed,Online
2441,501518,2026-06-13,13,7,1,396.23,256.45,0.05,Completed,Marketplace
2442,501483,2026-06-14,6,7,1,402.66,251.26,0,Completed,Online
2443,501483,2026-06-14,6,5,2,86.42,40.28,0.05,Completed,Online
2444,501486,2026-06-14,2,6,3,127.65,77.91,0,Completed,Online
2445,501490,2026-06-14,61,2,1,243.92,167.54,0.05,Completed,Online
2446,501490,2026-06-14,61,8,2,276.62,167.12,0.05,Completed,Online
2447,501513,2026-06-14,52,7,1,402.68,251.83,0,Completed,Marketplace
2448,501513,2026-06-14,52,9,1,51.6,20.91,0,Completed,Marketplace
2449,501509,2026-06-15,7,12,1,25.66,11.82,0.03,Completed,Online
2450,501526,2026-06-15,6,6,2,131.01,77.43,0,Completed,Retail Store
2451,501526,2026-06-15,6,12,3,25.86,11.9,0,Completed,Retail Store
2452,501481,2026-06-17,63,5,1,87.02,39.71,0.03,Completed,Online
2453,501482,2026-06-17,32,11,1,17.83,7.6,0,Completed,Retail Store
2454,501534,2026-06-17,58,2,2,244.21,164.96,0.1,Completed,Online
2455,501534,2026-06-17,58,3,1,358.41,255.58,0,Completed,Online
2456,501493,2026-06-18,13,3,1,356.65,256.79,0,Completed,Online
2457,501493,2026-06-18,13,7,1,408.12,258.85,0,Completed,Online
2458,501485,2026-06-19,10,11,1,16.94,7.5,0.03,Completed,Retail Store
2459,501523,2026-06-19,59,11,1,17.02,7.52,0,Completed,Retail Store
2460,501523,2026-06-19,59,10,1,13.3,5.46,0,Completed,Retail Store
2461,501524,2026-06-19,15,12,2,26.49,11.97,0,Completed,Retail Store
2462,501530,2026-06-19,51,6,1,126.47,76.17,0.05,Completed,Retail Store
2463,501496,2026-06-20,10,9,2,53.19,20.99,0,Cancelled,Marketplace
2464,501521,2026-06-20,33,5,2,87.48,40.07,0.15,Completed,Online
2465,501529,2026-06-20,2,4,1,29.44,11.93,0,Completed,Online
2466,501488,2026-06-21,11,8,2,277.59,171.04,0.05,Completed,Online
2467,501498,2026-06-21,53,10,1,13.18,5.45,0.03,Cancelled,Online
2468,501498,2026-06-21,53,2,2,246.4,168.18,0,Cancelled,Online
2469,501500,2026-06-21,55,9,2,52.76,20.89,0,Completed,Retail Store
2470,501500,2026-06-21,55,5,1,83.92,39.77,0,Completed,Retail Store
2471,501505,2026-06-21,2,8,2,281.35,167.47,0.1,Completed,Online
2472,501505,2026-06-21,2,2,1,250.36,167.32,0.03,Completed,Online
2473,501505,2026-06-21,2,4,2,28.46,11.96,0,Completed,Online
2474,501515,2026-06-22,12,3,1,356.71,260.29,0.05,Cancelled,Online
2475,501528,2026-06-23,42,9,1,51.0,20.78,0.1,Completed,Online
2476,501528,2026-06-23,42,12,2,25.53,11.83,0,Completed,Online
2477,501533,2026-06-23,30,2,1,245.36,163.52,0,Completed,Marketplace
2478,501489,2026-06-24,30,7,2,400.82,256.39,0.05,Completed,Retail Store
2479,501489,2026-06-24,30,9,2,53.27,20.7,0,Completed,Retail Store
2480,501489,2026-06-24,30,2,1,245.0,166.7,0,Completed,Retail Store
2481,501519,2026-06-24,44,12,2,25.64,12.05,0,Completed,Online
2482,501503,2026-06-25,18,10,1,13.17,5.49,0,Completed,Retail Store
2483,501480,2026-06-26,53,6,1,125.61,76.86,0,Completed,Online
2484,501480,2026-06-26,53,5,1,87.93,40.69,0.05,Completed,Online
2485,501508,2026-06-26,32,5,2,84.67,39.73,0.03,Cancelled,Online
2486,501508,2026-06-26,32,12,1,25.95,12.05,0.1,Cancelled,Online
2487,501520,2026-06-26,18,6,1,128.96,77.28,0.03,Completed,Retail Store
2488,501520,2026-06-26,18,2,2,245.79,168.54,0.03,Completed,Retail Store
2489,501492,2026-06-27,42,10,1,12.98,5.5,0,Completed,Retail Store
2490,501514,2026-06-27,20,8,2,273.13,167.72,0,Completed,Online
2491,501514,2026-06-27,20,4,1,29.7,12.05,0,Completed,Online
2492,501514,2026-06-27,20,12,1,26.22,11.89,0.05,Completed,Online
2493,501522,2026-06-27,23,4,2,28.6,11.75,0,Completed,Online
2494,501522,2026-06-27,23,7,1,402.26,252.33,0.03,Completed,Online
2495,501502,2026-06-29,52,3,3,359.9,257.78,0,Completed,Online
2496,501506,2026-06-29,30,9,1,51.93,20.96,0,Cancelled,Online
2497,501506,2026-06-29,30,11,1,16.83,7.5,0,Cancelled,Online
2498,501507,2026-06-29,38,3,1,354.65,262.45,0.1,Completed,Online
2499,501507,2026-06-29,38,11,1,17.18,7.59,0.03,Completed,Online
2500,501532,2026-06-29,9,2,1,239.13,165.93,0,Cancelled,Retail Store
2501,501550,2026-07-01,14,5,2,87.13,40.24,0.03,Completed,Marketplace
2502,501552,2026-07-02,55,12,1,25.3,11.82,0.03,Completed,Marketplace
2503,501540,2026-07-03,12,12,1,25.49,11.78,0,Completed,Retail Store
2504,501540,2026-07-03,12,4,1,28.39,12.15,0,Completed,Retail Store
2505,501540,2026-07-03,12,5,2,84.12,40.29,0,Completed,Retail Store
2506,501596,2026-07-03,44,6,1,124.98,77.17,0.03,Completed,Retail Store
2507,501596,2026-07-03,44,10,1,12.88,5.37,0,Completed,Retail Store
2508,501600,2026-07-03,4,3,2,349.42,258.63,0,Completed,Retail Store
2509,501538,2026-07-04,65,11,1,16.99,7.71,0.05,Completed,Online
2510,501548,2026-07-04,61,11,2,17.68,7.52,0.05,Completed,Online
2511,501548,2026-07-04,61,12,1,25.13,11.85,0.05,Completed,Online
2512,501567,2026-07-04,14,2,2,240.12,167.67,0,Completed,Online
2513,501567,2026-07-04,14,4,3,28.8,11.76,0.05,Completed,Online
2514,501572,2026-07-04,52,3,2,346.85,261.09,0,Completed,Online
2515,501573,2026-07-04,53,9,2,52.24,20.62,0.05,Completed,Online
2516,501573,2026-07-04,53,11,1,17.63,7.65,0.05,Completed,Online
2517,501588,2026-07-04,22,12,2,25.83,12.07,0.15,Completed,Retail Store
2518,501586,2026-07-05,50,11,3,16.94,7.65,0,Completed,Marketplace
2519,501593,2026-07-05,6,6,1,128.6,77.34,0,Completed,Marketplace
2520,501555,2026-07-06,16,3,1,355.29,255.84,0,Completed,Online
2521,501566,2026-07-06,65,2,1,243.16,167.94,0.03,Completed,Retail Store
2522,501566,2026-07-06,65,1,2,792.69,586.43,0.1,Completed,Retail Store
2523,501587,2026-07-06,57,2,1,253.76,166.39,0,Cancelled,Retail Store
2524,501558,2026-07-07,63,12,1,26.4,12.02,0,Completed,Online
2525,501558,2026-07-07,63,1,1,761.14,594.71,0,Completed,Online
2526,501561,2026-07-07,49,5,1,84.16,40.5,0,Completed,Retail Store
2527,501561,2026-07-07,49,4,2,29.5,12.0,0.03,Completed,Retail Store
2528,501570,2026-07-07,58,9,2,52.86,20.42,0.03,Completed,Online
2529,501604,2026-07-08,52,7,1,385.85,257.55,0.05,Completed,Online
2530,501604,2026-07-08,52,11,2,17.34,7.63,0,Completed,Online
2531,501604,2026-07-08,52,5,2,85.43,40.49,0,Completed,Online
2532,501568,2026-07-09,29,11,1,16.85,7.51,0.05,Completed,Online
2533,501578,2026-07-09,14,8,1,279.58,167.25,0.05,Completed,Online
2534,501578,2026-07-09,14,7,1,402.55,257.35,0.03,Completed,Online
2535,501536,2026-07-10,47,12,1,25.96,11.97,0.05,Completed,Online
2536,501541,2026-07-10,32,12,1,26.49,12.08,0,Completed,Retail Store
2537,501541,2026-07-10,32,5,1,86.44,39.63,0.15,Completed,Retail Store
2538,501542,2026-07-10,13,5,2,86.09,40.85,0,Completed,Marketplace
2539,501574,2026-07-10,60,6,1,130.08,77.02,0.1,Completed,Online
2540,501575,2026-07-11,31,11,3,16.95,7.63,0,Completed,Online
2541,501581,2026-07-11,14,4,3,28.63,12.12,0,Completed,Retail Store
2542,501581,2026-07-11,14,9,2,53.61,20.71,0,Completed,Retail Store
2543,501553,2026-07-12,41,6,2,132.23,76.81,0,Completed,Retail Store
2544,501557,2026-07-12,57,8,1,286.78,171.8,0.05,Completed,Online
2545,501563,2026-07-12,40,1,1,787.29,581.36,0,Completed,Online
2546,501597,2026-07-12,11,12,1,26.08,12.04,0.1,Cancelled,Online
2547,501597,2026-07-12,11,3,1,347.1,257.3,0,Cancelled,Online
2548,501543,2026-07-13,33,3,1,361.01,255.07,0,Completed,Retail Store
2549,501543,2026-07-13,33,12,1,25.33,12.16,0,Completed,Retail Store
2550,501585,2026-07-13,29,7,1,408.08,255.28,0,Completed,Online
2551,501599,2026-07-13,62,10,2,13.22,5.39,0,Completed,Online
2552,501569,2026-07-14,37,7,1,411.44,254.73,0,Completed,Online
2553,501544,2026-07-15,54,11,2,17.22,7.58,0,Completed,Online
2554,501549,2026-07-15,4,5,2,86.34,40.65,0.15,Completed,Marketplace
2555,501549,2026-07-15,4,6,1,129.0,76.33,0.1,Completed,Marketplace
2556,501579,2026-07-15,6,8,1,282.89,169.25,0,Completed,Online
2557,501579,2026-07-15,6,7,2,392.0,258.55,0.03,Completed,Online
2558,501547,2026-07-17,64,3,2,348.0,256.98,0,Completed,Online
2559,501554,2026-07-17,24,8,1,278.86,169.29,0.03,Completed,Retail Store
2560,501554,2026-07-17,24,5,1,86.48,40.2,0,Completed,Retail Store
2561,501577,2026-07-17,17,6,1,124.46,77.6,0.1,Completed,Online
2562,501602,2026-07-17,14,1,1,779.78,588.57,0,Completed,Online
2563,501602,2026-07-17,14,9,1,52.28,20.99,0.1,Completed,Online
2564,501589,2026-07-18,46,1,1,774.37,587.77,0.03,Completed,Online
2565,501589,2026-07-18,46,2,1,243.28,165.9,0,Completed,Online
2566,501559,2026-07-19,6,3,1,352.66,258.33,0.05,Completed,Marketplace
2567,501559,2026-07-19,6,4,3,28.52,11.91,0,Completed,Marketplace
2568,501564,2026-07-19,47,4,1,28.73,11.87,0.15,Completed,Marketplace
2569,501564,2026-07-19,47,10,2,12.92,5.35,0,Completed,Marketplace
2570,501584,2026-07-19,26,6,1,130.3,76.32,0.03,Completed,Retail Store
2571,501565,2026-07-20,6,1,2,807.07,592.01,0.1,Completed,Marketplace
2572,501565,2026-07-20,6,5,1,85.27,40.76,0,Completed,Marketplace
2573,501565,2026-07-20,6,2,1,252.46,165.55,0,Completed,Marketplace
2574,501590,2026-07-20,7,7,2,410.43,256.22,0,Completed,Online
2575,501590,2026-07-20,7,2,2,246.31,164.79,0.03,Completed,Online
2576,501591,2026-07-20,13,8,1,286.61,168.88,0.03,Completed,Online
2577,501606,2026-07-20,34,12,1,25.58,12.15,0.1,Completed,Online
2578,501537,2026-07-21,54,2,1,251.71,163.83,0,Completed,Online
2579,501607,2026-07-21,24,3,1,357.54,254.74,0,Completed,Marketplace
2580,501607,2026-07-21,24,12,1,25.73,12.03,0,Completed,Marketplace
2581,501592,2026-07-22,43,9,3,53.12,20.62,0,Completed,Online
2582,501592,2026-07-22,43,1,1,806.44,594.74,0.03,Completed,Online
2583,501595,2026-07-22,40,7,2,393.68,254.26,0.1,Completed,Retail Store
2584,501595,2026-07-22,40,6,3,125.23,78.16,0.03,Completed,Retail Store
2585,501546,2026-07-23,16,6,2,126.18,77.13,0,Completed,Online
2586,501582,2026-07-23,54,8,1,276.17,167.8,0,Completed,Online
2587,501583,2026-07-24,9,12,1,26.36,11.89,0.05,Completed,Retail Store
2588,501598,2026-07-24,11,2,3,255.61,167.98,0,Completed,Online
2589,501601,2026-07-24,13,12,1,25.75,11.94,0,Completed,Retail Store
2590,501601,2026-07-24,13,4,2,28.63,11.79,0,Completed,Retail Store
2591,501601,2026-07-24,13,10,1,12.69,5.5,0,Completed,Retail Store
2592,501562,2026-07-25,53,1,2,760.64,597.25,0,Completed,Retail Store
2593,501576,2026-07-25,40,7,2,401.35,259.18,0,Completed,Online
2594,501576,2026-07-25,40,9,2,52.36,20.71,0,Completed,Online
2595,501576,2026-07-25,40,10,1,12.63,5.37,0.05,Completed,Online
2596,501580,2026-07-25,35,4,1,29.68,12.1,0,Completed,Marketplace
2597,501556,2026-07-26,25,10,2,13.39,5.44,0,Completed,Online
2598,501560,2026-07-28,16,7,1,397.41,259.48,0.05,Cancelled,Online
2599,501560,2026-07-28,16,1,3,776.27,589.98,0,Cancelled,Online
2600,501594,2026-07-28,45,8,1,286.39,168.23,0.05,Completed,Retail Store
2601,501539,2026-07-29,23,5,1,83.18,39.81,0.03,Completed,Online
2602,501539,2026-07-29,23,1,1,785.79,587.93,0.05,Completed,Online
2603,501539,2026-07-29,23,12,2,26.41,12.03,0.15,Completed,Online
2604,501545,2026-07-30,33,4,1,29.77,11.97,0,Completed,Online
2605,501545,2026-07-30,33,7,1,411.81,251.64,0,Completed,Online
2606,501603,2026-07-30,63,11,1,17.17,7.69,0,Completed,Online
2607,501603,2026-07-30,63,3,1,350.33,257.0,0,Completed,Online
2608,501605,2026-07-30,38,9,1,52.07,20.69,0,Completed,Marketplace
2609,501551,2026-07-31,15,11,1,17.37,7.62,0.03,Completed,Online
2610,501551,2026-07-31,15,7,1,385.82,256.78,0,Completed,Online
2611,501551,2026-07-31,15,4,1,28.81,12.14,0,Completed,Online
2612,501571,2026-07-31,34,2,2,241.64,167.46,0,Completed,Retail Store
2613,501571,2026-07-31,34,6,1,128.48,76.07,0,Completed,Retail Store
2614,501613,2026-08-02,16,5,1,83.28,40.67,0.03,Completed,Retail Store
2615,501625,2026-08-02,37,10,1,13.2,5.52,0,Completed,Retail Store
2616,501652,2026-08-02,51,10,1,13.07,5.42,0.15,Completed,Marketplace
2617,501652,2026-08-02,51,6,1,127.04,78.28,0,Completed,Marketplace
2618,501657,2026-08-02,55,8,2,279.34,171.4,0,Completed,Retail Store
2619,501612,2026-08-04,40,10,4,12.55,5.36,0.03,Completed,Online
2620,501612,2026-08-04,40,6,3,129.57,76.56,0,Completed,Online
2621,501619,2026-08-04,49,3,1,360.9,263.05,0.03,Completed,Retail Store
2622,501619,2026-08-04,49,1,1,801.33,593.28,0,Completed,Retail Store
2623,501619,2026-08-04,49,9,1,52.94,20.53,0.05,Completed,Retail Store
2624,501622,2026-08-04,57,5,1,82.81,39.98,0,Cancelled,Online
2625,501624,2026-08-04,55,7,1,398.57,255.52,0.03,Completed,Online
2626,501629,2026-08-04,8,6,1,127.01,76.58,0,Completed,Online
2627,501629,2026-08-04,8,2,1,255.25,166.79,0,Completed,Online
2628,501644,2026-08-04,1,11,1,17.72,7.72,0,Completed,Marketplace
2629,501644,2026-08-04,1,10,2,12.85,5.46,0,Completed,Marketplace
2630,501614,2026-08-05,43,6,1,128.4,76.35,0.05,Completed,Retail Store
2631,501664,2026-08-06,26,2,1,240.99,166.05,0,Completed,Marketplace
2632,501665,2026-08-06,34,10,1,12.55,5.52,0,Completed,Online
2633,501665,2026-08-06,34,11,1,16.7,7.53,0,Completed,Online
2634,501665,2026-08-06,34,12,1,26.79,12.14,0.05,Completed,Online
2635,501627,2026-08-07,47,9,1,52.63,20.38,0.1,Completed,Retail Store
2636,501627,2026-08-07,47,10,1,12.81,5.5,0,Completed,Retail Store
2637,501648,2026-08-07,49,1,3,788.34,597.14,0,Completed,Online
2638,501661,2026-08-07,24,5,1,83.41,40.6,0.03,Completed,Online
2639,501663,2026-08-07,59,11,1,16.83,7.5,0.03,Completed,Retail Store
2640,501639,2026-08-08,53,10,1,12.87,5.45,0.03,Completed,Marketplace
2641,501645,2026-08-08,58,6,1,127.39,77.11,0,Completed,Online
2642,501628,2026-08-09,63,7,1,411.02,257.3,0.05,Completed,Marketplace
2643,501628,2026-08-09,63,8,2,286.38,169.69,0.03,Completed,Marketplace
2644,501637,2026-08-09,44,9,1,52.58,20.51,0.03,Completed,Online
2645,501637,2026-08-09,44,2,1,249.95,168.91,0,Completed,Online
2646,501649,2026-08-11,61,8,1,280.93,171.09,0,Completed,Retail Store
2647,501649,2026-08-11,61,1,1,784.47,590.91,0,Completed,Retail Store
2648,501620,2026-08-12,7,6,2,125.36,75.85,0,Completed,Online
2649,501647,2026-08-12,27,5,1,85.77,40.45,0,Cancelled,Marketplace
2650,501669,2026-08-12,65,12,1,26.56,11.99,0,Completed,Online
2651,501669,2026-08-12,65,7,1,386.36,255.51,0,Completed,Online
2652,501651,2026-08-13,47,10,4,13.25,5.52,0,Completed,Retail Store
2653,501651,2026-08-13,47,9,3,53.24,20.67,0.05,Completed,Retail Store
2654,501662,2026-08-13,62,10,2,13.01,5.35,0.03,Completed,Online
2655,501662,2026-08-13,62,1,1,770.42,597.81,0.03,Completed,Online
2656,501621,2026-08-15,16,5,1,86.7,39.51,0.05,Completed,Marketplace
2657,501621,2026-08-15,16,3,1,367.18,261.11,0,Completed,Marketplace
2658,501653,2026-08-15,64,8,2,272.41,172.44,0.03,Completed,Marketplace
2659,501609,2026-08-16,30,12,1,25.1,11.99,0.15,Completed,Online
2660,501615,2026-08-16,21,9,1,52.11,20.97,0,Completed,Online
2661,501615,2026-08-16,21,5,2,82.56,39.54,0,Completed,Online
2662,501646,2026-08-16,54,1,1,800.05,585.12,0.15,Cancelled,Online
2663,501646,2026-08-16,54,2,3,241.25,168.86,0.05,Cancelled,Online
2664,501616,2026-08-17,27,1,1,767.51,595.54,0,Completed,Retail Store
2665,501643,2026-08-17,26,3,1,365.52,256.3,0,Completed,Retail Store
2666,501643,2026-08-17,26,12,1,25.63,12.14,0,Completed,Retail Store
2667,501654,2026-08-17,47,2,1,252.26,164.79,0,Completed,Marketplace
2668,501611,2026-08-18,32,11,1,16.7,7.58,0,Completed,Retail Store
2669,501631,2026-08-18,33,4,3,29.59,11.76,0.03,Completed,Online
2670,501626,2026-08-19,37,1,2,791.47,580.49,0,Completed,Retail Store
2671,501626,2026-08-19,37,8,1,286.63,170.63,0,Completed,Retail Store
2672,501626,2026-08-19,37,9,1,53.6,21.0,0,Completed,Retail Store
2673,501636,2026-08-19,28,11,3,16.82,7.66,0.1,Completed,Online
2674,501630,2026-08-21,1,7,4,408.84,252.69,0,Cancelled,Retail Store
2675,501640,2026-08-21,58,7,1,393.39,254.74,0,Completed,Marketplace
2676,501640,2026-08-21,58,8,1,274.7,171.42,0.1,Completed,Marketplace
2677,501660,2026-08-21,53,7,1,410.21,253.01,0.1,Completed,Retail Store
2678,501660,2026-08-21,53,2,1,253.82,163.57,0,Completed,Retail Store
2679,501634,2026-08-22,61,3,3,358.98,260.63,0.03,Completed,Online
2680,501634,2026-08-22,61,10,1,12.7,5.43,0,Completed,Online
2681,501634,2026-08-22,61,8,1,282.37,170.38,0,Completed,Online
2682,501655,2026-08-23,2,12,1,26.83,12.12,0,Cancelled,Online
2683,501641,2026-08-24,27,7,2,412.58,259.0,0,Completed,Online
2684,501641,2026-08-24,27,12,1,25.24,11.78,0,Completed,Online
2685,501641,2026-08-24,27,4,1,29.28,11.91,0,Completed,Online
2686,501633,2026-08-25,20,8,1,278.62,171.37,0,Cancelled,Retail Store
2687,501633,2026-08-25,20,11,1,16.73,7.5,0,Cancelled,Retail Store
2688,501633,2026-08-25,20,4,1,29.01,11.79,0.15,Cancelled,Retail Store
2689,501650,2026-08-25,57,11,1,16.95,7.69,0,Completed,Online
2690,501667,2026-08-25,63,12,1,25.12,11.79,0.05,Completed,Marketplace
2691,501667,2026-08-25,63,3,2,358.61,260.22,0,Completed,Marketplace
2692,501668,2026-08-25,14,12,2,25.15,12.05,0,Completed,Marketplace
2693,501668,2026-08-25,14,8,2,271.3,168.71,0,Completed,Marketplace
2694,501668,2026-08-25,14,2,1,255.11,167.19,0,Completed,Marketplace
2695,501610,2026-08-26,28,6,1,125.62,77.05,0.03,Completed,Retail Store
2696,501623,2026-08-26,60,7,1,388.18,259.36,0.05,Completed,Retail Store
2697,501623,2026-08-26,60,3,1,357.73,258.32,0,Completed,Retail Store
2698,501635,2026-08-26,48,9,2,50.25,20.99,0,Cancelled,Marketplace
2699,501642,2026-08-27,38,2,1,245.92,165.29,0,Completed,Marketplace
2700,501642,2026-08-27,38,4,2,29.31,11.91,0.05,Completed,Marketplace
2701,501656,2026-08-27,27,5,1,84.19,40.25,0,Completed,Online
2702,501658,2026-08-27,49,2,1,243.38,168.72,0,Completed,Marketplace
2703,501659,2026-08-27,43,6,1,125.8,77.88,0.05,Completed,Marketplace
2704,501659,2026-08-27,43,1,1,792.13,583.38,0,Completed,Marketplace
2705,501632,2026-08-28,4,8,2,284.63,167.81,0.05,Completed,Retail Store
2706,501632,2026-08-28,4,3,3,347.27,260.63,0.1,Completed,Retail Store
2707,501632,2026-08-28,4,6,1,125.83,76.27,0,Completed,Retail Store
2708,501618,2026-08-29,57,1,1,804.74,599.41,0,Completed,Online
2709,501638,2026-08-29,51,8,1,271.37,170.16,0,Completed,Online
2710,501617,2026-08-30,3,2,4,255.42,168.83,0,Cancelled,Marketplace
2711,501666,2026-08-30,54,3,1,362.12,257.53,0.05,Completed,Online
2712,501608,2026-08-31,18,7,1,402.84,254.27,0,Completed,Online
2713,501608,2026-08-31,18,10,1,13.35,5.39,0,Completed,Online
